application_date,name_of_developers,mode_criteria,applied_start_date,gna_st_ii_application_id,lta_application_id,cmets_gna_approved,cmets_gna_meeting_date,state,region,nature_of_applicant,application_quantum_mw,type,installed_breakup_solar_mw,installed_breakup_wind_mw,installed_breakup_hydro_mw,battery_injection_mw,_explicit_type_breakup,status_of_application,substation,voltage_level_kv,ats_element_unique_code,dtl_element_unique_code,cts_element_unique_code,granted_quantum_mw,application_id_enhancement_5_2_or_revision,_existing_connectivity_quantum,_incremental_re_component_addition,date_for_additional_capacity,gna_operationalization_date,gna_operationalization_yes_no,installed_breakup_hybrid_mw,_partial_row,_capacity_headline_total,battery_mwh,psp_injection_mw,psp_drawl_mw,cmets_lta_approved,cmets_lta_meeting_date
28.04.2025,THDC India Limited,Land BG route,15.06.2025,2200001981,,43.0,12.01.2026,Uttar Pradesh,NR,REGS with installed capacity of 5 MW & above applying for Connectivity through electrical system of a generating station already having Connectivity to ISTS,11.0,Solar,11.0,,,,True,Withdrawn,Aligarh (PG),,,,,0.0,,,,,,,,,,,,,,
14-08-2025,ACME Solar Holdings Limited,,,1200003683,1200003829,43.0,12.01.2026,Rajasthan,NR,"Generating station(s), including REGS(s), without ESS",300.0,Solar+BESS,490.0,,,250.0,True,Granted,Bikaner-II,220.0,,,,300.0,2200002332,300.0,Solar,31.12.2026,31.03.2027,No,,,,,,,,
05.06.2025,Juniper Green Cosmic Private Limited,,,1200003740,412100008,42.0,11.11.2025,Rajasthan,NR,"Generating station(s), including REGS(s), without ESS",100.0,Solar+BESS,100.0,,,16.0,,Granted,Bikaner-II,220.0,,,,100.0,2200002123,,,31.12.2025,31.12.2025,Yes,,,,,,,,
05.06.2025,Juniper Green Stellar Private Limited,,,1200003827,412100010,42.0,11.11.2025,Rajasthan,NR,"Generating station(s), including REGS(s), with ESS",150.0,Hybrid+BESS,,,,28.75,,Granted,Fatehgarh-IV,220.0,,,,150.0,2200002125,,,30.04.2026,30.04.2026,No,,,,,,,,
,Juniper Green Stellar Private Limited,,,1200003910,412100010,42.0,,Rajasthan,NR,,,,,,,,,Granted,Fatehgarh-IV,220.0,,,,,2200002125,,,,,,,True,,,,,,
,Juniper Green Stellar Private Limited,,,1200003958,412100010,42.0,,Rajasthan,NR,,,,,,,,,Granted,Fatehgarh-IV,220.0,,,,,2200002125,,,,,,,True,,,,,,
,Juniper Green Stellar Private Limited,,,312100010,412100010,42.0,,Rajasthan,NR,,,,,,,,,Granted,Fatehgarh-IV,220.0,,,,,2200002125,,,,,,,True,,,,,,
,Juniper Green Stellar Private Limited,,,312100012,412100010,42.0,,Rajasthan,NR,,,,,,,,,Granted,Fatehgarh-IV,220.0,,,,,2200002125,,,,,,,True,,,,,,
05.06.2025,Juniper Green Stellar Private Limited,,,312100010,412100011,42.0,11.11.2025,Rajasthan,NR,"(Generating station(s), including REGS(s), with ESS",65.0,Solar+BESS,65.0,,,17.5,,Granted,Fatehgarh-IV,220.0,,,,65.0,2200002126,,,30.04.2026,30.06.2026,No,,,,,,,,
,Juniper Green Stellar Private Limited,,,312100012,412100011,42.0,,Rajasthan,NR,,,,,,,,,Granted,Fatehgarh-IV,220.0,,,,,2200002126,,,,,,,True,,,,,,
05.06.2025,Juniper Green Stellar Private Limited,,,1200003827,412100009,42.0,11.11.2025,Rajasthan,NR,"Generating station(s), including REGS(s), with ESS",150.0,Hybrid+BESS,,,,11.25,,Granted,Fatehgarh-IV,220.0,,,,150.0,2200002127,,,31.03.2026,31.03.2026,No,,,,,,,,
,Juniper Green Stellar Private Limited,,,1200003910,412100009,42.0,,Rajasthan,NR,,,,,,,,,Granted,Fatehgarh-IV,220.0,,,,,2200002127,,,,,,,True,,,,,,
,Juniper Green Stellar Private Limited,,,1200003958,412100009,42.0,,Rajasthan,NR,,,,,,,,,Granted,Fatehgarh-IV,220.0,,,,,2200002127,,,,,,,True,,,,,,
,Juniper Green Stellar Private Limited,,,312100010,412100009,42.0,,Rajasthan,NR,,,,,,,,,Granted,Fatehgarh-IV,220.0,,,,,2200002127,,,,,,,True,,,,,,
,Juniper Green Stellar Private Limited,,,312100012,412100009,42.0,,Rajasthan,NR,,,,,,,,,Granted,Fatehgarh-IV,220.0,,,,,2200002127,,,,,,,True,,,,,,
11.06.2025,Enren-I Energy Private Limited,,,2200000286,,42.0,11.11.2025,Rajasthan,NR,"Generating station(s), including REGS(s), without ESS",300.0,Solar+BESS,300.0,,,150.0,,Granted,Barmer-I,220.0,,,,300.0,2200002140,,,28.02.2026,31.03.2027,No,,,,,,,,
15.07.2025,Serentica Renewables India Private Limited,,,212100034,,42.0,11.11.2025,Rajasthan,NR,"Generating station(s), including REGS(s), without ESS",300.0,Hybrid,300.0,200.0,,,,Withdrawn,Fatehgarh-III,,,,,300.0,2200002249,,,30.06.2028,,,,,,,,,,
15.07.2025,Serentica Renewables India Private Limited,,,212100036,,42.0,11.11.2025,Rajasthan,NR,"Generating station(s), including REGS(s), without ESS",300.0,Hybrid,300.0,200.0,,,,Withdrawn,Fatehgarh-III,,,,,300.0,2200002250,,,30.06.2028,,,,,,,,,,
15.07.2025,Serentica Renewables India Private Limited,,,2200000020,,42.0,11.11.2025,Rajasthan,NR,"Generating station(s), including REGS(s), without ESS",300.0,Hybrid,300.0,200.0,,,,Withdrawn,Fatehgarh-III,,,,,300.0,2200002251,,,30.06.2028,,,,,,,,,,
22.07.2025,ACME Heergarh Powertech Private Limited,,,1200002471,,42.0,11.11.2025,Rajasthan,NR,"Generating station(s), including REGS(s), without ESS",300.0,Solar+BESS,300.0,,,300.0,,Granted,Bhadla-II,220.0,,,,300.0,2200002280,,,01.01.2027,31.03.2027,No,,,,,,,,
30.07.2025,AM Green Energy Private Limited,,,2200000319,,42.0,11.11.2025,Rajasthan,NR,"Generating station(s), including REGS(s), without ESS",300.0,Solar+BESS,300.0,,,125.0,,Granted,Bikaner-IV,220.0,,,,300.0,2200002294,,,31.12.2027,31.12.2027,No,,,,,,,,
01-08-2025,Khaba Renewable Energy Private Limited,,,1200003502,,42.0,11.11.2025,Rajasthan,NR,"Generating station(s), including REGS(s), without ESS",250.0,Solar+BESS,250.0,,,150.0,,Granted,Fatehgarh-III,220.0,,,,250.0,2200002307,,,31.12.2026,31.12.2026,No,,,,,,,,
05-08-2025,Litsolaire Energy Private Limited,,,1200003983,,42.0,11.11.2025,Rajasthan,NR,"Generating station(s), including REGS(s), without ESS",100.0,BESS,,,,50.0,,Granted,Bikaner-II,220.0,,,,100.0,2200002312,,,31.12.2026,31.12.2026,No,,,,,,,,
05-08-2025,Luceo Solar Private Limited,,,212100032,,42.0,11.11.2025,Rajasthan,NR,"Generating station(s), including REGS(s), without ESS",200.0,Solar+BESS,200.0,,,150.0,,Granted,Fatehgarh-IV,220.0,,,,200.0,2200002316,,,30.06.2027,30.06.2027,No,,,,,,,,
14-08-2025,ACME Solar Holdings Limited,,,1200003683,1200003829,42.0,11.11.2025,Rajasthan,NR,"Generating station(s), including REGS(s), without ESS",300.0,Solar+BESS,300.0,,,190.0,,Applied,Bikaner-II,220.0,,,,300.0,2200002332,,,31.12.2026,,,,,,,,,,
18-08-2025,Avaada RJBikaner Private Limited,,,2200000254,,42.0,11.11.2025,Rajasthan,NR,"Generating station(s), including REGS(s), without ESS",600.0,Solar+BESS,600.0,,,590.0,,Granted,Bikaner-IV,,,,,600.0,2200002330,,,30.06.2027,30.06.2027,No,,,,,,,,
21-08-2025,Solarcraft Power India 4 Private Limited,,,2200001749,,42.0,11.11.2025,Rajasthan,NR,"Generating station(s), including REGS(s), without ESS",50.0,Solar+BESS,50.0,,,50.0,,Granted,Bhadla-III,220.0,,,,50.0,2200002345,,,20.07.2029,20.07.2029,No,,,,,,,,
27-08-2025,Juniper Green Stellar Private Limited,,,2200000063,,42.0,11.11.2025,Rajasthan,NR,Renewable Power Park developer,300.0,Hybrid+BESS,300.0,170.0,,150.0,,Granted,Fatehgarh-IV,220.0,,,,300.0,2200002358,,,31.12.2027,31.12.2027,No,,,,,,,,
31-08-2025,Solarcraft Power India 4 Private Limited,,,2200000152,,42.0,11.11.2025,Rajasthan,NR,"Generating station(s), including REGS(s), without ESS",150.0,Solar+BESS,150.0,,,150.0,,Granted,Bhadla-II,220.0,,,,150.0,2200002376,,,31.03.2028,31.03.2028,No,,,,,,,,
02-09-2025,Solarcraft Power India 17 Private Limited,,,2200000210,,42.0,11.11.2025,Rajasthan,NR,"Generating station(s), including REGS(s), without ESS",300.0,Solar+BESS,300.0,,,300.0,,Granted,Bikaner-IV,220.0,,,,300.0,2200002378,,,31.03.2028,31.03.2028,No,,,,,,,,
03-09-2025,Altra Xergi Power Private Limited,,,1200002637,1200002639,42.0,11.11.2025,Rajasthan,NR,"Generating station(s), including REGS(s), without ESS",380.0,Solar+BESS,290.0,,,380.0,,Withdrawn,Fatehgarh-III,220.0,,,,380.0,2200002382,,,31.03.2027,,,,,,,,,,
05-09-2025,Vismaya Five Renewables Private Limited,,,2200000954,,42.0,11.11.2025,Rajasthan,NR,"Generating station(s), including REGS(s), without ESS",250.0,Solar+BESS,250.0,,,150.0,,Granted,Barmer-II,220.0,,,,250.0,2200002392,,,31.12.2031,31.12.2030,No,,,,,,,,
05-09-2025,Vismaya Four Renewables Private Limited,,,2200000910,,42.0,11.11.2025,Rajasthan,NR,"Generating station(s), including REGS(s), without ESS",250.0,Solar+BESS,250.0,,,240.0,,Granted,Bhadla-IV,400.0,,,,250.0,2200002394,,,01.10.2031,,,,,,,,,,
28.04.2025,THDC India Limited,Land BG route,15.06.2025,2200001981,,40.0,12.09.2025,Uttar Pradesh,NR,REGS with installed capacity of 5 MW & above applying for Connectivity through electrical system of a generating station already having Connectivity to ISTS,11.0,Solar,11.0,,,,True,Applied,Aligarh (PG),,,,,,,,,,,,,,,,,,,
20.05.2025,ACME Greentech Urja Private Limited,Land BG route,28.12.2028,2200002060,,40.0,12.09.2025,Rajasthan,NR,"Generating station, including REGS, without ESS",2182.0,Solar,2182.0,,,,True,Applied,Ramgarh-I,,,,,,,,,,,,,,,,,,,
20.05.2025,RJS Renewables Private Limited,Land Route,20.04.2028,2200002062,,40.0,12.09.2025,Rajasthan,NR,"Generating station, including REGS, without ESS",150.0,Solar,150.0,,,,True,Applied,Ramgarh-II,,,,,0.0,,,,,,,,,,,,,,
06.06.2025,Ashoka Renewable Energy 1 Private Limited,Land BG Route,01.10.2030,2200002130,,40.0,12.09.2025,Rajasthan,NR,"Generating station, including REGS, without ESS",150.0,Wind,,150.0,,,True,Applied,Ramgarh-II,,,,,,,,,,,,,,,,,,,
10.06.2025,Jindal Green Private Limited,Land BG Route,30.06.2031,2200002136,,40.0,12.09.2025,Rajasthan,NR,"Generating station, including REGS, without ESS",350.0,Solar,350.0,,,,True,Applied,Barmer-IV,,,,,,,,,,,,,,,,,,,
11.06.2025,Jindal Green Private Limited,Land BG Route,30.09.2031,2200002150,,40.0,12.09.2025,Rajasthan,NR,"Generating station, including REGS, without ESS",300.0,Solar,300.0,,,,True,Applied,Barmer-IV,,,,,,,,,,,,,,,,,,,
11.06.2025,ReNew Solar Power Private Limited,Land BG Route,31.03.2028,2200002154,,40.0,12.09.2025,Rajasthan,NR,"Generating station, including REGS, without ESS",300.0,Solar,300.0,,,,True,Applied,Bhadla-V,,,,,,,,,,,,,,,,,,,
11.06.2025,ReNew Solar Power Private Limited,Land BG Route,30.06.2028,2200002153,,40.0,12.09.2025,Rajasthan,NR,"Generating station, including REGS, without ESS",300.0,Solar,300.0,,,,True,Applied,Bhadla-V,,,,,,,,,,,,,,,,,,,
11.06.2025,ReNew Solar Power Private Limited,Land BG Route,30.09.2028,2200002152,,40.0,12.09.2025,Rajasthan,NR,"Generating station, including REGS, without ESS",300.0,Solar,300.0,,,,True,Applied,Bhadla-V,,,,,,,,,,,,,,,,,,,
11.06.2025,ReNew Solar Power Private Limited,Land BG Route,31.12.2028,2200002151,,40.0,12.09.2025,Rajasthan,NR,"Generating station, including REGS, without ESS",300.0,Solar,300.0,,,,True,Applied,Bhadla -V,,,,,,,,,,,,,,,,,,,
12.06.2025,Jorhat Solar Power Private Limited,Land Route,31.03.2030,2200002155,,40.0,12.09.2025,Rajasthan,NR,"Generating station, including REGS, without ESS",400.0,Solar,400.0,,,,True,Applied,Bhadla-V,,,,,,,,,,,,,,,,,,,
13.06.2025,ReNew Solar Power Private Limited,Land BG Route,31.03.2029,2200002164,,40.0,12.09.2025,Rajasthan,NR,"Generating station, including REGS, without ESS",300.0,Solar,300.0,,,,True,Applied,Bhadla-V,,,,,,,,,,,,,,,,,,,
13.06.2025,ReNew Solar Power Private Limited,Land BG Route,30.06.2029,2200002166,,40.0,12.09.2025,Rajasthan,NR,"Generating station, including REGS, without ESS",300.0,Solar,300.0,,,,True,Applied,Bhadla-V,,,,,,,,,,,,,,,,,,,
13.06.2025,ReNew Solar Power Private Limited,Land BG Route,30.09.2029,2200002165,,40.0,12.09.2025,Rajasthan,NR,"Generating station, including REGS, without ESS",200.0,Solar,200.0,,,,True,Applied,Bhadla-V,,,,,,,,,,,,,,,,,,,
13.06.2025,ReNew Solar Power Private Limited,Land BG Route,30.09.2027,2200002162,,40.0,12.09.2025,Rajasthan,NR,"Generating station, including REGS, without ESS",300.0,Solar,300.0,,,,True,Applied,Barmer-IV,,,,,,,,,,,,,,,,,,,
13.06.2025,ReNew Solar Power Private Limited,LOA or PPA,30.06.2027,2200002163,,40.0,12.09.2025,Rajasthan,NR,"Generating station, including REGS, without ESS",100.0,Solar,100.0,,,,True,Applied,Bhadla-V,,,,,,,,,,,,,,,,,,,
18.06.2025,Balasore Solar Power Private Limited,Land Route,31.03.2030,2200002174,,40.0,12.09.2025,Rajasthan,NR,"Generating station, including REGS, without ESS",300.0,Solar,300.0,,,,True,Applied,Bhadla-V,,,,,,,,,,,,,,,,,,,
20.06.2025,NHPC Limited,NA,31.05.2029,2200002181,,40.0,12.09.2025,Jammu and Kashmir,NR,"Generating station, including REGS, without ESS",260.0,Hydro,,,260.0,,True,Applied,Kishtwar-I,,,,,,,,,,,,,,,,,,,
23.06.2025,Vannur Solar Power Private Limited,Land Route,31.10.2030,2200002194,,40.0,12.09.2025,Rajasthan,NR,"Generating station, including REGS, without ESS",275.0,Solar,275.0,,,,True,Applied,Barmer-IV,,,,,,,,,,,,,,,,,,,
24.06.2025,Chenab Valley Power Projects Limited,NA,31.12.2027,2200002179,,40.0,12.09.2025,Jammu and Kashmir,NR,"Generating station, including REGS, without ESS",540.0,Hydro,,,540.0,,True,Applied,Kishtwar-I,,,,,,,,,,,,,,,,,,,
27.06.2025,Tata Power Renewable Energy Limited,Land BG Route,31.03.2030,2200002201,,40.0,12.09.2025,Rajasthan,NR,"Generating station, including REGS, without ESS",1000.0,Solar,1000.0,,,,True,Applied,Ramgarh-III,,,,,,,,,,,,,,,,,,,
30.06.2025,Adani Renewable Energy Holding Twelve Limited,LOA or PPA,15.06.2027,2200002217,,40.0,12.09.2025,Rajasthan,NR,"Generating station, including REGS, without ESS through a lead generator",173.33,Solar,173.33,,,,True,Applied,Ramgarh-III,,,,,,,,,,,,,,,,,,,
07.07.2025,Unique Hybrid Renewable Energy 3 Private Limited,Land BG route,01.10.2030,2200002227,,40.0,12.09.2025,Rajasthan,NR,"Generating station, including REGS, without ESS",300.0,Solar,300.0,,,,True,Applied,Barmer-III,,,,,,,,,,,,,,,,,,,
09.07.2025,BN Dispatchable-5 Private Limited,Land BG route,30.06.2028,2200002238,,40.0,12.09.2025,Rajasthan,NR,"Generating station, including REGS, with ESS",350.0,Hybrid+BESS,150.0,200.0,,100.0,True,Applied,Ramgarh-II,,,,,,,,,,,,,,,,,,,
11.07.2025,Purvah Green Power Private Limited,Land BG route,01.01.2029,2200002243,,40.0,12.09.2025,Rajasthan,NR,"Generating station, including REGS, without ESS",300.0,Solar,300.0,,,,True,Applied,Bikaner-IV,,,,,,,,,,,,,,,,,,,
14.07.2025,Purvah Green Power Private Limited,Land BG route,01.07.2029,2200002248,,40.0,12.09.2025,Rajasthan,NR,"Generating station, including REGS, without ESS",300.0,Solar,300.0,,,,True,Applied,Bikaner-IV,,,,,,,,,,,,,,,,,,,
30.07.2025,NHPC Limited (Uri-I Stage-II HEP),-,31.03.2029,2200002295,,40.0,12.09.2025,Jammu and Kashmir,NR,"Generating station, including REGS, without ESS",240.0,Hydro,,,240.0,,True,Applied,Amargarh-I,,,,,,,,,,,,,,,,,,,
05.06.2025,Juniper Green Cosmic Private Limited,,,1200003740,412100008,40.0,12.09.2025,Rajasthan,NR,"Generating station(s), including REGS(s), without ESS",100.0,Solar+BESS,100.0,,,16.0,True,Applied,Bikaner-II,220.0,,,,,2200002123,100.0,,31.12.2025,,,,,,,,,,
05.06.2025,Juniper Green Stellar Private Limited,,,1200003827,412100010,40.0,12.09.2025,Rajasthan,NR,"Generating station(s), including REGS(s), with ESS",150.0,Hybrid+BESS,,,,28.75,True,Applied,Fatehgarh-IV,220.0,,,,,2200002125,150.0,,30.04.2026,,,,,,,,,,
,Juniper Green Stellar Private Limited,,,1200003910,412100010,,,Rajasthan,NR,,,,,,,,,Applied,Fatehgarh-IV,220.0,,,,,2200002125,,,,,,,True,,,,,,
,Juniper Green Stellar Private Limited,,,1200003958,412100010,,,Rajasthan,NR,,,,,,,,,Applied,Fatehgarh-IV,220.0,,,,,2200002125,,,,,,,True,,,,,,
,Juniper Green Stellar Private Limited,,,312100010,412100010,,,Rajasthan,NR,,,,,,,,,Applied,Fatehgarh-IV,220.0,,,,,2200002125,,,,,,,True,,,,,,
,Juniper Green Stellar Private Limited,,,312100012,412100010,,,Rajasthan,NR,,,,,,,,,Applied,Fatehgarh-IV,220.0,,,,,2200002125,,,,,,,True,,,,,,
05.06.2025,Juniper Green Stellar Private Limited,,,312100010,412100011,40.0,12.09.2025,Rajasthan,NR,"(Generating station(s), including REGS(s), with ESS",65.0,Solar+BESS,65.0,,,17.5,True,Applied,Fatehgarh-IV,220.0,,,,,2200002126,65.0,,30.04.2026,,,,,,,,,,
,Juniper Green Stellar Private Limited,,,312100012,412100011,,,Rajasthan,NR,,,,,,,,,Applied,Fatehgarh-IV,220.0,,,,,2200002126,,,,,,,True,,,,,,
05.06.2025,Juniper Green Stellar Private Limited,,,1200003827,412100009,40.0,12.09.2025,Rajasthan,NR,"Generating station(s), including REGS(s), with ESS",150.0,Hybrid+BESS,,,,11.25,True,Applied,Fatehgarh-IV,220.0,,,,,2200002127,150.0,,31.03.2026,,,,,,,,,,
,Juniper Green Stellar Private Limited,,,1200003910,412100009,,,Rajasthan,NR,,,,,,,,,Applied,Fatehgarh-IV,220.0,,,,,2200002127,,,,,,,True,,,,,,
,Juniper Green Stellar Private Limited,,,1200003958,412100009,,,Rajasthan,NR,,,,,,,,,Applied,Fatehgarh-IV,220.0,,,,,2200002127,,,,,,,True,,,,,,
,Juniper Green Stellar Private Limited,,,312100010,412100009,,,Rajasthan,NR,,,,,,,,,Applied,Fatehgarh-IV,220.0,,,,,2200002127,,,,,,,True,,,,,,
,Juniper Green Stellar Private Limited,,,312100012,412100009,,,Rajasthan,NR,,,,,,,,,Applied,Fatehgarh-IV,220.0,,,,,2200002127,,,,,,,True,,,,,,
11.06.2025,Enren-I Energy Private Limited,,,2200000286,,40.0,12.09.2025,Rajasthan,NR,"Generating station(s), including REGS(s), without ESS",300.0,Solar+BESS,300.0,,,150.0,True,Applied,Barmer-I,220.0,,,,,2200002140,300.0,,28.02.2026,,,,,150.0,,,,,
15.07.2025,Serentica Renewables India Private Limited,,,212100034,,40.0,12.09.2025,Rajasthan,NR,"Generating station(s), including REGS(s), without ESS",300.0,Hybrid,300.0,200.0,,,True,Applied,Fatehgarh-III,400.0,,,,,2200002249,300.0,Wind,30.06.2028,,,,,,,,,,
15.07.2025,Serentica Renewables India Private Limited,,,212100036,,40.0,12.09.2025,Rajasthan,NR,"Generating station(s), including REGS(s), without ESS",300.0,Hybrid,300.0,200.0,,,True,Applied,Fatehgarh-III,400.0,,,,,2200002250,300.0,Wind,30.06.2028,,,,,,,,,,
15.07.2025,Serentica Renewables India Private Limited,,,2200000020,,40.0,12.09.2025,Rajasthan,NR,"Generating station(s), including REGS(s), without ESS",300.0,Hybrid,300.0,200.0,,,True,Applied,Fatehgarh-III,400.0,,,,,2200002251,300.0,Wind,30.06.2028,,,,,,,,,,
22.07.2025,ACME Heergarh Powertech Private Limited,,,1200002471,,40.0,12.09.2025,Rajasthan,NR,"Generating station(s), including REGS(s), without ESS",300.0,Solar+BESS,540.0,,,300.0,True,Applied,Bhadla-II,220.0,,,,,2200002280,300.0,Solar,01.01.2027,,,,,,,,,,
30.07.2025,AM Green Energy Private Limited,,,2200000319,,40.0,12.09.2025,Rajasthan,NR,"Generating station(s), including REGS(s), without ESS",300.0,Solar+BESS,400.0,,,125.0,True,Applied,Bikaner-IV,220.0,,,,,2200002294,300.0,Solar,31.12.2027,,,,,,,,,,
28-01-2025,Hexa Climate Solutions Private Limited,Land BG Route,30.11.2029,2200001701,,39.0,28.07.2025,Rajasthan,NR,"Generating station, including REGS, with ESS",300.0,Solar+BESS,300.0,,,50.0,True,Granted,Merta-III,220.0,,"EL-468EF, EL-A50EC","EL-72571, EL-F1D12, EL-0C9F0, EL-5EA00, EL-C89B9, EL-DC354, EL-A1D4E, EL-4B103",300.0,,,,,,,,,300.0,,,,,
28-01-2025,Hexa Climate Solutions Private Limited,Land BG Route,30.11.2029,2200001702,,39.0,28.07.2025,Rajasthan,NR,Standalone ESS,300.0,BESS,,,,300.0,True,Granted,Merta-III,220.0,,"EL-468EF, EL-A50EC","EL-72571, EL-F1D12, EL-0C9F0, EL-5EA00, EL-C89B9, EL-DC354, EL-A1D4E, EL-4B103",300.0,,,,,30.06.2031,No,,,,,,,,
13-02-2025,Green Infra Renewable Energy Farms Private Limited,Land BG Route,15-12-2028,2200001762,,39.0,28.07.2025,Rajasthan,NR,"Generating station, including REGS, without ESS",300.0,Solar,300.0,,,,True,Granted,Sanchore-I,220.0,,"EL-6B5A6, EL-4C729","EL-A5BEB, EL-48EFF, EL-7E7E2, EL-05218, EL-73A05, EL-A1D4E, EL-0FE43, EL-4B103, EL-071AA",300.0,,,,,,,,,300.0,,,,,
14-02-2025,Green Infra Renewable Energy Farms Private Limited,Land BG Route,15-12-2028,2200001771,,39.0,28.07.2025,Rajasthan,NR,"Generating station, including REGS, without ESS",300.0,Solar,300.0,,,,True,Granted,Sanchore-I,220.0,,"EL-6B5A6, EL-4C729","EL-A5BEB, EL-48EFF, EL-7E7E2, EL-05218, EL-73A05, EL-A1D4E, EL-0FE43, EL-4B103, EL-071AA",300.0,,,,,30.06.2031,No,,,300.0,,,,,
31.03.2025,Waaree Forever Energies Private Limited,Land BG Route,31.03.2032,2200001903,,39.0,28.07.2025,Rajasthan,NR,"Generating station, including REGS, with ESS",300.0,Solar+BESS,300.0,,,150.0,True,Granted,Pali-I,220.0,,"EL-6095C, EL-86667","EL-5B721, EL-43445, EL-0C9F0, EL-C89B9, EL-DC354, EL-A1D4E, EL-DB837, EL-4B103, EL-00011",300.0,,,,,16.06.2025,Yes,,,300.0,,,,,
31.03.2025,Waaree Forever Energies Private Limited,Land BG Route,30.09.2032,2200001904,,39.0,28.07.2025,Rajasthan,NR,"Generating station, including REGS, with ESS",300.0,Solar+BESS,300.0,,,150.0,True,Granted,Pali-I,220.0,,"EL-6095C, EL-86667","EL-5B721, EL-43445, EL-0C9F0, EL-C89B9, EL-DC354, EL-A1D4E, EL-DB837, EL-4B103, EL-00011",300.0,,,,,30.09.2032,No,,,300.0,,,,,
05.04.2025,Terra Clean Limited,Land BG route,30.09.2030,2200001922,,39.0,28.07.2025,Rajasthan,NR,"Generating station, including REGS, without ESS",155.0,Solar,155.0,,,,True,Granted,Pali-I,220.0,,"EL-970EB, EL-86667","EL-5B721, EL-43445, EL-0C9F0, EL-C89B9, EL-DC354, EL-A1D4E, EL-DB837, EL-4B103, EL-00011",155.0,,,,,30.06.2031,No,,,,,,,,
07.04.2025,HR Saraswati Energy Private Limited,Land BG route,31.12.2026,2200001917,,39.0,28.07.2025,Rajasthan,NR,"Generating station, including REGS, without ESS",300.0,Solar,300.0,,,,True,Granted,Bhadla-V,220.0,,"EL-D77E9, EL-23E4F","EL-D6782, EL-A9814, EL-3CFCF, EL-911E3, EL-2B272, EL-75882, EL-6DFEE, EL-65D44, EL-C8513",300.0,,,,,30.09.2031,No,,,,,,,,
10.04.2025,Enren Surya Urja Private Limited,Land BG route,31.12.2027,2200001936,,39.0,28.07.2025,Rajasthan,NR,"Generating station, including REGS, with ESS",300.0,Solar+BESS,300.0,,,150.0,True,Applied,Bikaner-VI,,,,,,,,,,,,,,,,,,,
10.04.2025,Enren Solar Private Limited,Land BG route,31.10.2027,2200001937,,39.0,28.07.2025,Rajasthan,NR,"Generating station, including REGS, with ESS",300.0,Solar+BESS,300.0,,,150.0,True,Granted,Ramgarh-III,220.0,,"EL-CF954, EL-A1FDB","EL-351F9, EL-D397F, EL-3F657, EL-38782, EL-30734, EL-A1D4E, EL-6EB09, EL-4B103, EL-EAAE1",300.0,,,,,31.12.2031,No,,,,,,,,
11.04.2025,Vannur Solar Power Private Limited,Land route,30.06.2030,2200001940,,39.0,28.07.2025,Rajasthan,NR,"Generating station, including REGS, without ESS",300.0,Solar,300.0,,,,True,Granted,Barmer-IV,220.0,,"EL-63D48, EL-63408","EL-F5025, EL-C2F66, EL-B1EED, EL-099D8, EL-30D5A, EL-2B272, EL-1D2C6, EL-6DFEE, EL-4B103, EL-7448F",300.0,,,,,31.12.2031,No,,,,,,,,
11.04.2025,Jindal Green Private Limited,Land BG route,30.06.2030,2200001945,,39.0,28.07.2025,Rajasthan,NR,"Generating station, including REGS, without ESS",350.0,Solar,350.0,,,,True,Granted,Pali-I,220.0,,"EL-EEBBC, EL-86667","EL-5B721, EL-43445, EL-0C9F0, EL-C89B9, EL-DC354, EL-A1D4E, EL-DB837, EL-4B103, EL-00011",350.0,,,,,30.06.2031,No,,,,,,,,
17.04.2025,Waaree Forever Energies Private Limited,Land BG route,31.12.2030,2200001955,,39.0,28.07.2025,Rajasthan,NR,"Generating station, including REGS, with ESS",600.0,Solar+BESS,600.0,,,300.0,True,Granted,Sanchore-I,400.0,,"EL-CC9A2, EL-759C3","EL-A5BEB, EL-48EFF, EL-7E7E2, EL-05218, EL-73A05, EL-A1D4E, EL-0FE43, EL-4B103, EL-071AA",600.0,,,,,30.06.2031,No,,,,,,,,
18.04.2025,Ampin Energy Utility Private Limited,LOA or PPA,31.12.2027,2200001964,,39.0,28.07.2025,Rajasthan,NR,"Generating station, including REGS, without ESS",150.0,Hybrid,135.0,50.4,,,True,Granted,Sanchore-I,220.0,,"EL-6B862, EL-4C729","EL-A5BEB, EL-48EFF, EL-7E7E2, EL-05218, EL-73A05, EL-A1D4E, EL-0FE43, EL-4B103, EL-071AA",150.0,,,,,30.06.2031,No,,,,,,,,
28.04.2025,THDC India Limited,Land BG route,15.06.2025,2200001981,,39.0,28.07.2025,Uttar Pradesh,NR,REGS with installed capacity of 5 MW & above applying for Connectivity to ISTS through electrical system of a generating station already having Connectivity to ISTS,11.0,Solar,11.0,,,,True,Applied,Aligarh (PG),,,,,,,,,,,,,,,,,,,
30.04.2025,Rajasthan BESS Private Limited,Land Route,20.05.2026,2200001994,,39.0,28.07.2025,Rajasthan,NR,Standalone ESS,250.0,BESS,,,,250.0,True,Granted,Bhadla-III,220.0,,"EL-C06E3, EL-D4AAF","EL-C16AF, EL-BE37F, EL-DD8DD",250.0,,,,,30.04.2027,No,,,,,,,,
30.04.2025,Renew Solar Power Private Limited,LOA or PPA,31.05.2027,2200001997,,39.0,28.07.2025,Rajasthan,NR,"Generating station, including REGS, with ESS",300.0,Solar+BESS,300.0,,,150.0,True,Granted,Bhadla-V,400.0,,"EL-6A564, EL-85FD1","EL-D6782, EL-A9814, EL-3CFCF, EL-911E3, EL-2B272, EL-75882, EL-6DFEE, EL-65D44, EL-C8513",300.0,,,,,30.09.2031,No,,,,,,,,
30.04.2025,Renew Solar Power Private Limited,LOA or PPA,31.05.2027,2200002000,,39.0,28.07.2025,Rajasthan,NR,"Generating station, including REGS, with ESS",300.0,Solar+BESS,300.0,,,150.0,True,Granted,Barmer-IV,400.0,,"EL-DFA86, EL-EF8E0","EL-F5025, EL-C2F66, EL-B1EED, EL-099D8, EL-30D5A, EL-2B272, EL-1D2C6, EL-6DFEE, EL-4B103, EL-7448F",300.0,,,,,31.12.2031,No,,,,,,,,
30.04.2025,Adani Renewable Energy Holding Twelve Limited,LOA or PPA,31.12.2026,2200002006,,39.0,28.07.2025,Rajasthan,NR,"Generating station, including REGS, without ESS",520.0,Solar,520.0,,,,True,Granted,Ramgarh-III,400.0,,"EL-64276, EL-48FFB","EL-351F9, EL-D397F, EL-3F657, EL-38782, EL-30734, EL-A1D4E, EL-6EB09, EL-4B103, EL-EAAE1",520.0,,,,,31.12.2031,No,,,,,,,,
30.04.2025,Adani Renewable Energy Holding Twelve Limited,LOA or PPA,31.12.2026,2200002009,,39.0,28.07.2025,Rajasthan,NR,"Generating station, including REGS, without ESS through a lead generator",400.0,Solar,400.0,,,,True,Granted,Ramgarh-III,400.0,,"EL-6DEF0, EL-E24A2","EL-351F9, EL-D397F, EL-3F657, EL-38782, EL-30734, EL-A1D4E, EL-6EB09, EL-4B103, EL-EAAE1",400.0,,,,,31.12.2031,No,,,,,,,,
30.04.2025,Adani Renewable Energy Holding Nine Limited,LOA or PPA,31.12.2026,2200002010,,39.0,28.07.2025,Rajasthan,NR,"Generating station, including REGS, with ESS through a lead generator",180.0,Solar+BESS,180.0,,,85.0,True,Granted,Ramgarh-III,400.0,,"EL-64276, EL-48FFB","EL-351F9, EL-D397F, EL-3F657, EL-38782, EL-30734, EL-A1D4E, EL-6EB09, EL-4B103, EL-EAAE1",180.0,,,,,,,,,,,,,,
10.05.2025,Adani Renewable Energy Holding Nine Limited,LOA or PPA,31.12.2026,2200002028,,39.0,28.07.2025,Rajasthan,NR,"Generating station, including REGS, with ESS through a lead generator",180.0,Solar+BESS,180.0,,,85.0,True,Granted,Barmer-IV,400.0,,"EL-98DE8, EL-EF8E0","EL-F5025, EL-C2F66, EL-B1EED, EL-099D8, EL-30D5A, EL-2B272, EL-1D2C6, EL-6DFEE, EL-4B103, EL-7448F",180.0,,,,,31.12.2031,No,,,,,,,,
12.05.2025,Solarcraft Power India 17 Private Limited,Land Route,30.06.2028,2200002030,,39.0,28.07.2025,Rajasthan,NR,"Generating station, including REGS, with ESS",300.0,Solar+BESS,300.0,,,300.0,True,Applied,Bikaner-VI,,,,,,,,,,,,,,,,,,,
20.05.2025,Acme Greentech Urja Private Limited,Land BG route,28.12.2028,2200002060,,39.0,28.07.2025,Rajasthan,NR,"Generating station, including REGS, without ESS",2182.0,Solar,2182.0,,,,True,Granted,Ramgarh-III,400.0,,"EL-3EA43, EL-9D405","EL-351F9, EL-D397F, EL-3F657, EL-38782, EL-30734, EL-A1D4E, EL-6EB09, EL-4B103, EL-EAAE1",2182.0,,,,,31.12.2031,No,,,,,,,,
20.05.2025,RJS Renewables Private Limited,Land Route,20.04.2028,2200002062,,39.0,28.07.2025,Rajasthan,NR,"Generating station, including REGS, without ESS",150.0,Solar,150.0,,,,True,Applied,Ramgarh-II,,,,,0.0,,,,,,,,,,,,,,
20.05.2025,Renew Solar Power Private Limited,LOA or PPA,31.05.2027,2200002063,,39.0,28.07.2025,Rajasthan,NR,"Generating station, including REGS, without ESS",300.0,Solar,300.0,,,,True,Granted,Bhadla-V,400.0,,"EL-6A564, EL-85FD1","EL-D6782, EL-A9814, EL-3CFCF, EL-911E3, EL-2B272, EL-75882, EL-6DFEE, EL-65D44, EL-C8513",300.0,,,,,,,,,,,,,,
21.05.2025,Waaree Forever Energies Private Limited,Land BG route,30.09.2032,2200002066,,39.0,28.07.2025,Rajasthan,NR,"Generating station, including REGS, with ESS",200.0,Solar+BESS,200.0,,,100.0,True,Granted,Bhadla-V,400.0,,"EL-77A48, EL-28727","EL-D6782, EL-A9814, EL-3CFCF, EL-911E3, EL-2B272, EL-75882, EL-6DFEE, EL-65D44, EL-C8513",200.0,,,,,30.09.2032,No,,,,,,,,
22.05.2025,Waaree Forever Energies Private Limited,Land BG route,31.12.2032,2200002071,,39.0,28.07.2025,Rajasthan,NR,"Generating station, including REGS, with ESS",300.0,Solar+BESS,300.0,,,150.0,True,Granted,Bhadla-V,400.0,,"EL-77A48, EL-28727","EL-D6782, EL-A9814, EL-3CFCF, EL-911E3, EL-2B272, EL-75882, EL-6DFEE, EL-65D44, EL-C8513",300.0,,,,,31.12.2032,No,,,,,,,,
22.05.2025,Waaree Forever Energies Private Limited,Land BG route,31.12.2032,2200002072,,39.0,28.07.2025,Rajasthan,NR,"Generating station, including REGS, with ESS",200.0,Solar+BESS,220.0,,,100.0,True,Granted,Bhadla-V,400.0,,"EL-77A48, EL-28727","EL-D6782, EL-A9814, EL-3CFCF, EL-911E3, EL-2B272, EL-75882, EL-6DFEE, EL-65D44, EL-C8513",200.0,,,,,22.05.2025,Yes,,,,,,,,
23.05.2025,Waaree Forever Energies Private Limited,Land BG route,31.12.2031,2200002080,,39.0,28.07.2025,Rajasthan,NR,"Generating station, including REGS, with ESS",300.0,Solar+BESS,300.0,,,150.0,True,Granted,Bhadla-VI,220.0,,"EL-64DF7, EL-7BD8D","EL-0F996, EL-DEBDE, EL-24C0A, EL-6FD3E, EL-88DFA, EL-2B272, EL-F92C8, EL-6DFEE, EL-A4E7D, EL-61F37",300.0,,,,,30.06.2032,No,,,,,,,,
28.05.2025,Hinduja Renewables Energy Private Limited,Land BG route,31.03.2028,2200002093,,39.0,28.07.2025,Rajasthan,NR,"Generating station, including REGS, without ESS",50.0,Solar,50.0,,,,True,Granted,Barmer-I,220.0,,"EL-EB9F7, EL-9D9D5","EL-AB6F6, EL-04FBF, EL-E0593, EL-C16AF, EL-9DE74, EL-26050, EL-4777E, EL-0D0CA, EL-7AF76, EL-DA901, EL-8F19A, EL-AE31B, EL-18361, EL-A83CD, EL-5996E, EL-32FE8, EL-A495D, EL-74937, EL-50132, EL-06311, EL-D0E44, EL-553D7, EL-D7C90, EL-F4EEC, EL-80081, EL-90C55, EL-C99C8, EL-F20FC, EL-6F66E, EL-B6BDF, EL-C7A50",50.0,,,,,31.03.2028,No,,,,,,,,
28.05.2025,Vena Energy Konkan Wind Power Private Limited,Land Route,31.12.2030,2200002097,,39.0,28.07.2025,Rajasthan,NR,Standalone ESS,300.0,BESS,,,,300.0,True,Granted,Pali-I,220.0,,"EL-3FB44, EL-86667","EL-5B721, EL-43445, EL-0C9F0, EL-C89B9, EL-DC354, EL-A1D4E, EL-DB837, EL-4B103, EL-00011",300.0,,,,,30.06.2031,No,,,,,,,,
29.05.2025,SA Renewable Infra Private Limited,Land Route,31.03.2030,2200002099,,39.0,28.07.2025,Rajasthan,NR,"Generating station, including REGS, without ESS",20.0,Solar,20.0,,,,True,Granted,Bikaner-V,220.0,,"EL-3466E, EL-C638D","EL-D9A07, EL-85255, EL-26318, EL-326E0, EL-BDCD9, EL-23675, EL-75F9E, EL-745F8, EL-37199, EL-905E4, EL-35672",20.0,,,,,31.10.2030,No,,,,,,,,
30.05.2025,Reliance Nu Energies Private Limited,LOA or PPA,31.12.2027,2200002104,,39.0,28.07.2025,Rajasthan,NR,"Generating station, including REGS, with ESS",350.0,Solar+BESS,350.0,,,175.0,True,Granted,Sanchore-I,220.0,,"EL-7A64F, EL-4C729","EL-A5BEB, EL-48EFF, EL-7E7E2, EL-05218, EL-73A05, EL-A1D4E, EL-0FE43, EL-4B103, EL-071AA",350.0,,,,,30.06.2031,No,,,,,,,,
31.05.2025,Adani Renewable Energy Holding Twelve Limited,LOA or PPA,30.06.2027,2200002111,,39.0,28.07.2025,Rajasthan,NR,"Generating station, including REGS, without ESS",520.0,Solar,520.0,,,,True,Granted,Sanchore-I,400.0,,"EL-95C39, EL-759C3","EL-A5BEB, EL-48EFF, EL-7E7E2, EL-05218, EL-73A05, EL-A1D4E, EL-0FE43, EL-4B103, EL-071AA",520.0,,,,,30.06.2031,No,,,,,,,,
22.04.2025,Serentica Renewables India Private Limited,,,1200003838,412100014,39.0,28.07.2025,Rajasthan,NR,"Generating station(s), including REGS(s), without ESS",180.0,Solar+BESS,321.0,,,140.0,True,Granted,Bikaner-II,220.0,,,,180.0,2200001968,180.0,Solar,31.12.2026,31.12.2026,No,,,,,,,,
24.04.2025,Juniper Green Cosmic Private Limited,,,1200003740,412100008,39.0,28.07.2025,Rajasthan,NR,"Generating station(s), including REGS(s), without ESS",100.0,Solar+BESS,100.0,,,25.39,True,Granted,Bikaner-II,220.0,,,,100.0,2200001970,100.0,,31.12.2025,31.12.2025,Yes,,,,,,,,
28.04.2025,Solarcraft Power India 4 Private Limited,,,2200000300,,39.0,28.07.2025,Rajasthan,NR,"Generating station(s), including REGS(s), without ESS",50.0,Solar+BESS,50.0,,,50.0,True,Granted,Bhadla-III,220.0,,,,50.0,2200001984,50.0,,01.09.2028,01.09.2028,No,,,,,,,,
28.04.2025,Solarcraft Power India 4 Private Limited,,,2200000192,,39.0,28.07.2025,Rajasthan,NR,"Generating station(s), including REGS(s), without ESS",110.0,Solar+BESS,110.0,,,110.0,True,Granted,Bhadla-III,220.0,,,,110.0,2200001986,110.0,,01.09.2028,01.09.2028,No,,,,,,,,
28.04.2025,Solarcraft Power India 17 Private Limited,,,2200000210,,39.0,28.07.2025,Rajasthan,NR,"Generating station(s), including REGS(s), without ESS",300.0,Solar+BESS,300.0,,,300.0,True,Withdrawn,Bikaner-IV,220.0,,,,,2200001989,300.0,,31.03.2027,31.03.2027,,,,,,,,,
29.04.2025,Solarcraft Power India 4 Private Limited,,,2200000152,,39.0,28.07.2025,Rajasthan,NR,"Generating station(s), including REGS(s), without ESS",150.0,Solar+BESS,150.0,,,150.0,True,Withdrawn,Bhadla-II,220.0,,,,,2200001991,150.0,,31.03.2027,31.03.2027,,,,,,,,,
29.04.2025,Solarcraft Power India 8 Private Limited,,,2200000866,,39.0,28.07.2025,Rajasthan,NR,"Generating station(s), including REGS(s), without ESS",300.0,Solar+BESS,300.0,,,300.0,True,Granted,Bikaner-V,220.0,,,,300.0,2200001992,300.0,,30.09.2030,30.09.2030,No,,,,,,,,
30.04.2025,BN Dispatchable-1 Private Limited,,,2200000103,,39.0,28.07.2025,Rajasthan,NR,"Generating station(s), including REGS(s), without ESS",300.0,Hybrid+BESS,154.0,150.0,,25.0,True,Granted,Fatehgarh-IV,220.0,,,,300.0,2200001995,300.0,Solar,31.03.2027,31.03.2027,No,,,,,,,,
21.05.2025,AM Green Energy Private Limited,,,2200000319,,39.0,28.07.2025,Rajasthan,NR,"Generating station(s), including REGS(s), without ESS",300.0,Solar+BESS,400.0,,,125.0,True,Withdrawn,Bikaner-IV,220.0,,,,,2200002047,300.0,Solar,11.11.2026,,,,,,,,,,
23.05.2025,Juniper Green Cosmic Private Limited,,,2200000073,,39.0,28.07.2025,Rajasthan,NR,"Generating station(s), including REGS(s), without ESS",150.0,Solar+BESS,150.0,,,150.0,True,Granted,Bikaner-III,,,,,150.0,2200002079,150.0,,31.03.2027,31.03.2027,No,,,,,,,,
23-05-2025,Juniper Green Energy Private Limited,,,2200000305,,39.0,28.07.2025,Rajasthan,NR,"Generating station(s), including REGS(s), without ESS",300.0,Solar+BESS,500.0,,,160.0,True,Withdrawn,Barmer- I,220.0,,,,,2200002083,300.0,Solar,31.12.2028,,,,,,,,,,
23.05.2025,Juniper Green Stellar Private Limited,,,2200000063,,39.0,28.07.2025,Rajasthan,NR,Renewable Power Park developer,300.0,Hybrid+BESS,300.0,170.0,,160.0,True,Withdrawn,Fatehgarh-IV,220.0,,,,,2200002087,300.0,Wind,31.12.2027,,,,,,,,,,
30.10.2024,Azure Power Fifty One Private Limited,Land Route,31.12.2029,2200001420,,38.0,28.05.2025,Rajasthan,NR,"Generating station, including REGS, without ESS",600.0,Solar,300.0,,,,True,Granted,Bhadla-V,400.0,,"EL-E140C, EL-24C88","EL-D6782, EL-A9814, EL-3CFCF, EL-911E3, EL-2B272, EL-75882, EL-6DFEE, EL-65D44, EL-B4A45",600.0,,,,,30.09.2031,No,,,300.0,,,,,
06-01-2025,Jindal India RE Limited,Land BG Route,30.09.2027,2200001629,,38.0,28.05.2025,Rajasthan,NR,"Generating station, including REGS, with ESS",300.0,Solar+BESS,300.0,,,150.0,True,Granted,Bikaner-VI,220.0,,"EL-85879, EL-5264E","EL-EAECB, EL-F66C7, EL-70C46, EL-8D787, EL-B96FE, EL-A1D4E, EL-11BA3, EL-6DFEE, EL-4B103, EL-0A96D",300.0,,,,,31.12.2031,No,,,300.0,,,,,
10-01-2025,Renew Solar Power Private Limited,LoA or PPA,03.03.2027,2200001550,,38.0,28.05.2025,Rajasthan,NR,"Generating station, including REGS, without ESS",300.0,Solar,300.0,,,,True,Granted,Barmer-IV,400.0,,"EL-EF289, EL-84DBB","EL-F5025, EL-C2F66, EL-B1EED, EL-099D8, EL-30D5A, EL-2B272, EL-1D2C6, EL-6DFEE, EL-4B103, EL-7448F",300.0,,,,,31.12.2031,No,,,300.0,,,,,
11-01-2025,Torrent Green Energy Private Limited,Land BG Route,31.12.2029,2200001642,,38.0,28.05.2025,Rajasthan,NR,"Generating station, including REGS, without ESS",1000.0,Solar,1000.0,,,,True,Granted,Bhadla-V,400.0,,"EL-B9C26, EL-80AC0","EL-D6782, EL-A9814, EL-3CFCF, EL-911E3, EL-2B272, EL-75882, EL-6DFEE, EL-65D44, EL-B4A45",1000.0,,,,,30.09.2031,No,,,1000.0,,,,,
15-01-2025,JIRE Green Energy Project Two Limited,Land BG Route,30.12.2028,2200001659,,38.0,28.05.2025,Rajasthan,NR,"Generating station, including REGS, with ESS",300.0,Solar+BESS,300.0,,,150.0,True,Granted,Barmer-IV,220.0,,"EL-6D14B, EL-94ECD","EL-F5025, EL-C2F66, EL-B1EED, EL-099D8, EL-30D5A, EL-2B272, EL-1D2C6, EL-6DFEE, EL-4B103, EL-7448F",300.0,,,,,31.12.2031,No,,,300.0,,,,,
23-01-2025,Renew Solar Power Private Limited,LoA or PPA,31.01.2027,2200001684,,38.0,28.05.2025,Rajasthan,NR,"Generating station, including REGS, with ESS",200.0,Solar+BESS,200.0,,,70.0,True,Granted,Barmer-IV,400.0,,"EL-EF289, EL-84DBB","EL-F5025, EL-C2F66, EL-B1EED, EL-099D8, EL-30D5A, EL-2B272, EL-1D2C6, EL-6DFEE, EL-4B103, EL-7448F",200.0,,,,,31.12.2031,No,,,200.0,,,,,
24-01-2025,Renew Solar Power Private Limited,LoA or PPA,31.03.2027,2200001689,,38.0,28.05.2025,Rajasthan,NR,"Generating station, including REGS, without ESS",300.0,Solar,300.0,,,,True,Granted,Barmer-IV,400.0,,"EL-EF289, EL-84DBB","EL-F5025, EL-C2F66, EL-B1EED, EL-099D8, EL-30D5A, EL-2B272, EL-1D2C6, EL-6DFEE, EL-4B103, EL-7448F",300.0,,,,,31.12.2031,No,,,300.0,,,,,
28-01-2025,Hexa Climate Solutions Private Limited,Land BG Route,30.11.2029,2200001701,,38.0,28.05.2025,Rajasthan,NR,"Generating station, including REGS, with ESS",300.0,Solar+BESS,300.0,,,300.0,True,Applied,Merta-III,220.0,,,,,,,,,,,,,300.0,,,,,
28-01-2025,Hexa Climate Solutions Private Limited,Land BG Route,30.11.2029,2200001700,,38.0,28.05.2025,Rajasthan,NR,"Generating station, including REGS, with ESS",300.0,Solar+BESS,300.0,,,50.0,True,Granted,Bhadla-V,220.0,,"EL-F29A2, EL-9BFCD","EL-D6782, EL-A9814, EL-3CFCF, EL-911E3, EL-2B272, EL-75882, EL-6DFEE, EL-65D44, EL-B4A45",300.0,,,,,30.09.2031,No,,,300.0,,,,,
28-01-2025,Hexa Climate Solutions Private Limited,Land BG Route,30.11.2029,2200001702,,38.0,28.05.2025,Rajasthan,NR,Standalone ESS,300.0,BESS,,,,300.0,True,Applied,Merta-III,400.0,,,,300.0,,,,,,,,,,,,,,
30-01-2025,JIRE Green Energy Project Three Limited,Land BG Route,31.12.2028,2200001717,,38.0,28.05.2025,Rajasthan,NR,"Generating station, including REGS, with ESS",200.0,Solar+BESS,200.0,,,100.0,True,Granted,Ramgarh-II,220.0,,"EL-12A1E, EL-28506, EL-D4A9F","EL-3DDDE, EL-3BFE1, EL-6ACC9, EL-DB586, EL-11BD7, EL-A1D4E, EL-6EB09, EL-4B103, EL-C8D83",200.0,,,,,31.10.2030,No,,,200.0,,,,,
31-01-2025,Tata Power Renewable Energy Limited,Land BG Route,31.03.2027,2200001721,,38.0,28.05.2025,Rajasthan,NR,"Generating station, including REGS, without ESS",300.0,Solar,300.0,,,,True,Granted,Bikaner-IV,220.0,,"EL-BD5C2, EL-5264E","EL-EAECB, EL-F66C7, EL-70C46, EL-8D787, EL-B96FE, EL-A1D4E, EL-11BA3, EL-6DFEE, EL-4B103, EL-0A96D",300.0,,,,,31.12.2031,No,,,300.0,,,,,
31-01-2025,Tata Power Renewable Energy Limited,Land BG Route,31.03.2027,2200001722,,38.0,28.05.2025,Rajasthan,NR,"Generating station, including REGS, without ESS",300.0,Solar,300.0,,,,True,Withdrawn,Fatehgarh-II,,,,,0.0,,,,,,,,,300.0,,,,,
04-02-2025,Waaree Forever Energies Private Limited,Land BG Route,31-07-2030,2200001735,,38.0,28.05.2025,Rajasthan,NR,"Generating station, including REGS, without ESS",600.0,Hybrid,300.0,300.0,,,True,Granted,Ramgarh-II,400.0,,"EL-89B68, EL-177EE","EL-3DDDE, EL-3BFE1, EL-6ACC9, EL-DB586, EL-11BD7, EL-A1D4E, EL-6EB09, EL-4B103, EL-C8D83",600.0,,,,,31.10.2030,No,,,300.0,,,,,
10-02-2025,Solarcraft Power India 4 Private Limited,Land Route,01-09-2028,2200001749,,38.0,28.05.2025,Rajasthan,NR,"Generating station, including REGS, without ESS",50.0,Solar,50.0,,,,True,Granted,Bhadla-III,220.0,,EL-17567,EL-4D705,50.0,,,,,20.07.2029,No,,,50.0,,,,,
13-02-2025,Green Infra Renewable Energy Farms Private Limited,Land BG Route,15-12-2028,2200001762,,38.0,28.05.2025,Rajasthan,NR,"Generating station, including REGS, without ESS",300.0,Solar,300.0,,,,True,Granted,Sanchore-I,220.0,,,,300.0,,,,,,,,,300.0,,,,,
14-02-2025,BN Peak Power-3 Private Limited,Land BG Route,30-06-2028,2200001769,,38.0,28.05.2025,Rajasthan,NR,"Generating station, including REGS, with ESS",350.0,Hybrid+BESS,150.0,200.0,,100.0,True,Granted,Ramgarh-III,220.0,,"EL-0CB10, EL-31BA6","EL-351F9, EL-D397F, EL-3F657, EL-38782, EL-30734, EL-A1D4E, EL-6EB09, EL-4B103, EL-EAAE1",350.0,,,,,31.12.2031,No,,,150.0,,,,,
14-02-2025,Green Infra Renewable Energy Farms Private Limited,Land BG Route,15-12-2028,2200001771,,38.0,28.05.2025,Rajasthan,NR,"Generating station, including REGS, without ESS",300.0,Solar,300.0,,,,True,Applied,Sanchore-I,,,,,,,,,,,,,,300.0,,,,,
18-02-2025,ReNew Solar Power Private Limited,LOA or PPA,31-03-2027,2200001781,,38.0,28.05.2025,Rajasthan,NR,"Generating station, including REGS, with ESS",200.0,Solar+BESS,200.0,,,70.0,True,Granted,Bhadla-V,400.0,,"EL-C3549, EL-A658A","EL-D6782, EL-A9814, EL-3CFCF, EL-911E3, EL-2B272, EL-75882, EL-6DFEE, EL-65D44, EL-B4A45",200.0,,,,,30.09.2031,No,,,200.0,,,,,
20-02-2025,Adyant Enersol Private Limited,LOA or PPA,30-04-2027,2200001786,,38.0,28.05.2025,Rajasthan,NR,"Generating station, including REGS, without ESS",150.0,Solar,150.0,,,,True,Granted,Bikaner-V,220.0,,"EL-F0D41, EL-18947, EL-85CFA","EL-D9A07, EL-85255, EL-26318, EL-326E0, EL-BDCD9, EL-23675, EL-75F9E, EL-745F8, EL-37199, EL-905E4, EL-35672",150.0,,,,,31.10.2030,No,,,150.0,,,,,
27-02-2025,ACME Taurus Urja Private Limited,Land Route,31/03/2027,2200001797,,38.0,28.05.2025,Rajasthan,NR,"Generating station, including REGS, without ESS",300.0,Solar,300.0,,,,True,Applied,Bikaner-VI,,,,,,,,,,,,,,300.0,,,,,
28-02-2025,Apraava Energy Private Limited,Land BG Route,31-12-2028,2200001798,,38.0,28.05.2025,Rajasthan,NR,"Generating station, including REGS, without ESS",600.0,Solar,600.0,,,,True,Applied,Bikaner-VI,,,,,,,,,,,,,,600.0,,,,,
01.03.2025,Mahanadi Renewable Energy Private Limited,Land BG Route,30.06.2030,2200001807,,38.0,28.05.2025,Rajasthan,NR,"Generating station, including REGS, with ESS",280.0,Solar+BESS,280.0,,,280.0,True,Granted,Ramgarh-III,220.0,,"EL-C5410, EL-31BA6","EL-351F9, EL-D397F, EL-3F657, EL-38782, EL-30734, EL-A1D4E, EL-6EB09, EL-4B103, EL-EAAE1",280.0,,,,,31.12.2031,No,,,280.0,,,,,
03.03.2025,Godavari Green Energy Private Limited,Land BG Route,30.06.2030,2200001810,,38.0,28.05.2025,Rajasthan,NR,"Generating station, including REGS, with ESS",250.0,Solar+BESS,250.0,,,250.0,True,Granted,Sanchore-I,220.0,,"EL-13290, EL-079D8","EL-A5BEB, EL-48EFF, EL-7E7E2, EL-05218, EL-73A05, EL-A1D4E, EL-0FE43, EL-4B103, EL-F7B5C",250.0,,,,,30.06.2031,No,,,250.0,,,,,
07-03-2025,Vismaya Four Renewables Private Limited,Land BG Route,01.10.2031,2200001827,,38.0,28.05.2025,Rajasthan,NR,"Generating station, including REGS, with ESS",300.0,Solar+BESS,300.0,,,60.0,True,Granted,Bhadla-V,220.0,,"EL-9915B, EL-C5523","EL-D6782, EL-A9814, EL-3CFCF, EL-911E3, EL-2B272, EL-75882, EL-6DFEE, EL-65D44, EL-B4A45",300.0,,,,,01.10.2031,No,,,300.0,,,,,
20.03.2025,Sabarmati Green Energy Private Limited,Land BG Route,30.09.2030,2200001862,,38.0,28.05.2025,Rajasthan,NR,"Generating station, including REGS, with ESS",250.0,Solar+BESS,250.0,,,250.0,True,Granted,Jalore-I,220.0,,"EL-0D2E2, EL-4C759","EL-A5BEB, EL-48EFF, EL-7E7E2, EL-35A84, EL-90D75, EL-73A05, EL-A1D4E, EL-0FE43, EL-4B103, EL-77D24",250.0,,,,,30.06.2031,No,,,250.0,,,,,
20.03.2025,Renew Solar Power Private Limited,LOA or PPA,30.04.2027,2200001864,,38.0,28.05.2025,Rajasthan,NR,"Generating station, including REGS, without ESS",300.0,Solar,300.0,,,,True,Granted,Bhadla-V,400.0,,"EL-C3549, EL-A658A","EL-D6782, EL-A9814, EL-3CFCF, EL-911E3, EL-2B272, EL-75882, EL-6DFEE, EL-65D44, EL-B4A45",300.0,,,,,30.09.2031,No,,,300.0,,,,,
20.03.2025,Renew Solar Power Private Limited,LOA or PPA,30.04.2027,2200001866,,38.0,28.05.2025,Rajasthan,NR,"Generating station, including REGS, without ESS",300.0,Solar,300.0,,,,True,Granted,Pali-I,220.0,,"EL-20781, EL-60909","EL-AEB5A, EL-43445, EL-0C9F0, EL-C89B9, EL-DC354, EL-A1D4E, EL-DB837, EL-4B103, EL-00011",300.0,,,,,30.06.2031,No,,,300.0,,,,,
20.03.2025,Renew Solar Power Private Limited,LOA or PPA,30.04.2027,2200001865,,38.0,28.05.2025,Rajasthan,NR,"Generating station, including REGS, without ESS",300.0,Solar,300.0,,,,True,Granted,Bhadla-V,400.0,,"EL-C3549, EL-A658A","EL-D6782, EL-A9814, EL-3CFCF, EL-911E3, EL-2B272, EL-75882, EL-6DFEE, EL-65D44, EL-B4A45",300.0,,,,,30.09.2031,No,,,300.0,,,,,
31.03.2025,Waaree Forever Energies Private Limited,Land BG Route,31.07.2031,2200001900,,38.0,28.05.2025,Rajasthan,NR,"Generating station, including REGS, with ESS",250.0,Solar+BESS,250.0,,,125.0,True,Granted,Bikaner-VI,,,,,250.0,,,,,,,,,250.0,,,,,
31.03.2025,Waaree Forever Energies Private Limited,Land BG Route,31.10.2031,2200001901,,38.0,28.05.2025,Rajasthan,NR,"Generating station, including REGS, with ESS",300.0,Solar+BESS,300.0,,,150.0,True,Granted,Sanchore-I,220.0,,"EL-6B418, EL-079D8","EL-A5BEB, EL-48EFF, EL-7E7E2, EL-05218, EL-73A05, EL-A1D4E, EL-0FE43, EL-4B103, EL-F7B5C",300.0,,,,,31.10.2031,No,,,300.0,,,,,
31.03.2025,Waaree Forever Energies Private Limited,Land BG Route,31.03.2032,2200001903,,38.0,28.05.2025,Rajasthan,NR,"Generating station, including REGS, with ESS",300.0,Solar+BESS,300.0,,,150.0,True,Applied,Pali-I,,,,,,,,,,,,,,300.0,,,,,
31.03.2025,Waaree Forever Energies Private Limited,Land BG Route,30.09.2032,2200001904,,38.0,28.05.2025,Rajasthan,NR,"Generating station, including REGS, with ESS",300.0,Solar+BESS,300.0,,,150.0,True,Applied,Pali-I,,,,,,,,,,,,,,300.0,,,,,
31.03.2025,Adani Renewable Energy Holding Twelve Limited,LOA or PPA,31.12.2026,2200001907,,38.0,28.05.2025,Rajasthan,NR,"Generating station, including REGS, without ESS",520.0,Solar,520.0,,,,True,Granted,Barmer-IV,400.0,,"EL-00F7B, EL-9C614","EL-F5025, EL-C2F66, EL-B1EED, EL-099D8, EL-30D5A, EL-2B272, EL-1D2C6, EL-6DFEE, EL-4B103, EL-7448F",520.0,,,,,31.12.2031,No,,,,,,,,
31.03.2025,Adani Renewable Energy Holding Twelve Limited,LOA or PPA,31.12.2026,2200001908,,38.0,28.05.2025,Rajasthan,NR,"Generating station, including REGS, without ESS through a lead generator",303.0,Solar,303.33,,,,True,Granted,Barmer-IV,400.0,,"EL-00F7B, EL-9C614","EL-F5025, EL-C2F66, EL-B1EED, EL-099D8, EL-30D5A, EL-2B272, EL-1D2C6, EL-6DFEE, EL-4B103, EL-7448F",303.0,,,,,31.12.2031,No,,,,,,,,
29.04.2025,BBMB,Land Route,30.06.2025,2200001987,,38.0,28.05.2025,Haryana,NR,"Generating station, including REGS, without ESS",10.0,Solar,10.0,,,,True,Granted,Bhiwani (Bbmb),132.0,,,,10.0,,,,,,,,,10.0,,,,,
29.04.2025,BBMB,Land Route,30.06.2025,2200001993,,38.0,28.05.2025,Haryana,NR,"Generating station, including REGS, without ESS",1.5,Solar,1.5,,,,True,Granted,Hissar (Bbmb),33.0,,,"EL-04AC2, EL-EBDC5, EL-0C837, EL-4EBF7, EL-533DB, EL-BE348, EL-ACF06, EL-CA2EA, EL-EA57A, EL-CB5A3, EL-58072",1.5,,,,,,,,,1.5,,,,,
21.01.2025,Juniper Green Stellar Private Limited,,,1200003827,412100009,38.0,28.05.2025,Rajasthan,NR,Generator (Hybrid),150.0,Hybrid,50.0,50.0,,27.5,True,Granted,Fatehgarh-IV,220.0,,,,150.0,2200001677,150.0,,30.04.2026,30.04.2026,No,127.5,,,,,,,
,Juniper Green Stellar Private Limited,,,1200003910,412100009,,,Rajasthan,NR,,,,,,,,,Granted,Fatehgarh-IV,220.0,,,,,2200001677,,,,,,,True,,,,,,
,Juniper Green Stellar Private Limited,,,1200003958,412100009,,,Rajasthan,NR,,,,,,,,,Granted,Fatehgarh-IV,220.0,,,,,2200001677,,,,,,,True,,,,,,
,Juniper Green Stellar Private Limited,,,312100010,412100009,,,Rajasthan,NR,,,,,,,,,Granted,Fatehgarh-IV,220.0,,,,,2200001677,,,,,,,True,,,,,,
,Juniper Green Stellar Private Limited,,,312100012,412100009,,,Rajasthan,NR,,,,,,,,,Granted,Fatehgarh-IV,220.0,,,,,2200001677,,,,,,,True,,,,,,
21.01.2025,Juniper Green Stellar Private Limited,,,1200003827,412100010,38.0,28.05.2025,Rajasthan,NR,Generator (Hybrid),150.0,Hybrid,50.0,20.0,,27.5,True,Granted,Fatehgarh-IV,220.0,,,,150.0,2200001678,150.0,,30.04.2026,30.04.2026,No,,,,,,,,
,Juniper Green Stellar Private Limited,,,1200003910,412100010,,,Rajasthan,NR,,,,,,,,,Granted,Fatehgarh-IV,220.0,,,,,2200001678,,,,,,,True,,,,,,
,Juniper Green Stellar Private Limited,,,1200003958,412100010,,,Rajasthan,NR,,,,,,,,,Granted,Fatehgarh-IV,220.0,,,,,2200001678,,,,,,,True,,,,,,
,Juniper Green Stellar Private Limited,,,312100010,412100010,,,Rajasthan,NR,,,,,,,,,Granted,Fatehgarh-IV,220.0,,,,,2200001678,,,,,,,True,,,,,,
,Juniper Green Stellar Private Limited,,,312100012,412100010,,,Rajasthan,NR,,,,,,,,,Granted,Fatehgarh-IV,220.0,,,,,2200001678,,,,,,,True,,,,,,
09.03.2025,ABREL (RJ) Projects Limited,,,2200000140,,38.0,28.05.2025,Rajasthan,NR,Captive generating plant,260.0,Hybrid,260.0,52.7,,,True,Granted,Fatehgarh-III,,,,,260.0,2200001828,,,31-05-2025,31.05.2025,Yes,,,,,,,,
13.03.2025,ACME Solar Holdings Limited,,,1200003683,,38.0,28.05.2025,Rajasthan,NR,"Generating station(s), including REGS(s), without ESS",300.0,Solar+BESS,300.0,,,300.0,True,Applied,Bikaner-II,220.0,,,,,2200001843,,,31-03-2027,,,,,300.0,,,,,
18.03.2025,ACME Cleantech Solutions Private Limited,,,2200000008,,38.0,28.05.2025,Rajasthan,NR,"Generating station(s), including REGS(s), without ESS",300.0,Solar+BESS,300.0,,,300.0,True,Withdrawn,Bikaner-III,,,,,,2200001851,,,31-03-2027,,,,,300.0,,,,,
14.10.2024,Avaada Energy Private Limited,NHPC LOA,31.03.2027,2200001352,,37.0,27.03.2025,Rajasthan,NR,Generator,750.0,Solar,750.0,,,,,Granted,Barmer-III,400.0,,EL-7F1CE,"EL-5F6B8, EL-D0DE2, EL-9AAB9, EL-2A125, EL-A1D4E, EL-CFCC2, EL-141F6",750.0,,,,,30.09.2030,No,,,,,,,,
29.10.2024,Sprng Green Energy 4 Private Limited,Land BG Route,30.06.2029,2200001417,,37.0,27.03.2025,Rajasthan,NR,Generator,400.0,Solar,400.0,,,,,Granted,Bhadla-V,220.0,,EL-CB8FF,"EL-D6782, EL-2F7DB, EL-A9814, EL-4AEF9, EL-911E3, EL-2B272, EL-75882, EL-6DFEE, EL-65D44",400.0,,,,,30.06.2031,No,,,,,,,,
30.10.2024,Azure Power Fifty One Private Limited,Land Route,31.12.2029,2200001420,,37.0,27.03.2025,Rajasthan,NR,Generator,600.0,Solar,600.0,,,,,Applied,Bhadla-V,,,,,,,,,,,,,,,,,,,
30.10.2024,Avaada Energy Private Limited,SJVN LOA,30.06.2027,2200001422,,37.0,27.03.2025,Rajasthan,NR,Generator,800.0,Solar+BESS,,,,,,Granted,Barmer-III,400.0,,EL-7F1CE,"EL-5F6B8, EL-D0DE2, EL-9AAB9, EL-2A125, EL-A1D4E, EL-CFCC2, EL-141F6",800.0,,,,,30.09.2030,No,,,,,,,,
04-11-2024,Pokhran Wind Energy Private Limited,Land BG Route,31-01-2027,2200001440,,37.0,27.03.2025,Rajasthan,NR,Generator,99.0,Wind,,99.0,,,,Granted,Barmer-III,220.0,,"EL-0D343, EL-4A753","EL-5F6B8, EL-D0DE2, EL-9AAB9, EL-2A125, EL-A1D4E, EL-CFCC2, EL-141F6",99.0,,,,,30.09.2030,No,,,,,,,,
06-11-2024,Hexa Climate Solutions Private Limited,Land BG Route,31-03-2026,2200001441,,37.0,27.03.2025,Rajasthan,NR,Generator,50.0,Solar,50.0,,,,,Withdrawn,Bikaner-I,,,,,0.0,,,,,31.03.2027,,,,,,,,,
07-11-2024,Aditya Birla Renewables Limited,Land BG Route,15-06-2027,2200001446,,37.0,27.03.2025,Rajasthan,NR,Generator,50.0,Hybrid,25.0,25.0,,,True,Granted,Barmer-III,220.0,,"EL-0D343, EL-4A753","EL-5F6B8, EL-D0DE2, EL-9AAB9, EL-2A125, EL-A1D4E, EL-CFCC2, EL-141F6",50.0,,,,,30.09.2030,No,,,,,,,,
09-11-2024,TEQ Green Power XIII Private Limited,REMCL LOA,30-11-2026,2200001449,,37.0,27.03.2025,Rajasthan,NR,Generator,50.0,Solar,50.0,,,,,Withdrawn,Barmer-III,,,,,0.0,,,,,,,,,,,,,,
12-11-2024,Avaada Energy Private Limited,NHPC LOA,30-06-2027,2200001464,,37.0,27.03.2025,Rajasthan,NR,Generator,1000.0,Solar,1000.0,,,,,Granted,Bays At Bhadla-V,400.0,,EL-B2D1F,"EL-D6782, EL-2F7DB, EL-A9814, EL-4AEF9, EL-911E3, EL-2B272, EL-75882, EL-6DFEE, EL-65D44",1000.0,,,,,30.06.2031,No,,,,,,,,
22-11-2024,Renew Solar Power Private Limited,NTPC LOA,31-01-2027,2200001503,,37.0,27.03.2025,Rajasthan,NR,Generator,300.0,Solar,300.0,,,,,Granted,Barmer-III,400.0,,EL-9C16A,"EL-5F6B8, EL-D0DE2, EL-9AAB9, EL-2A125, EL-A1D4E, EL-CFCC2, EL-141F6",300.0,,,,,30.09.2030,No,,,,,,,,
28-11-2024,Tata Power Renewable Energy Limited,Land BG Route,31-03-2027,2200001523,,37.0,27.03.2025,Rajasthan,NR,Generator,300.0,Wind,,300.0,,,,Granted,Ramgarh-II,220.0,,EL-95044,"EL-3DDDE, EL-3BFE1, EL-6ACC9, EL-DB586, EL-11BD7, EL-A1D4E, EL-6EB09, EL-141F6, EL-A6B97",300.0,,,,,31.03.2030,No,,,,,,,,
10-12-2024,Apraava Energy Private Limited,Land BG Route,31-12-2027,2200001557,,37.0,27.03.2025,Rajasthan,NR,Generator,300.0,Solar,300.0,,,,,Granted,Barmer-III,220.0,,EL-0F451,"EL-5F6B8, EL-D0DE2, EL-9AAB9, EL-2A125, EL-A1D4E, EL-CFCC2, EL-141F6",300.0,,,,,30.09.2030,No,,,,,,,,
28-12-2024,Unique Hytech Renewable Energy Private Limited,Land BG Route,31-07-2030,2200001622,,37.0,27.03.2025,Rajasthan,NR,Generator,1000.0,Hybrid,400.0,600.0,,,True,Granted,Barmer-III,400.0,,EL-14522,"EL-5F6B8, EL-D0DE2, EL-9AAB9, EL-2A125, EL-A1D4E, EL-CFCC2, EL-141F6",1000.0,,,,,30.09.2030,No,,,,,,,,
30.09.2024,TEQ Green Power IX Private Limited,LoA or PPA,15.06.2027,2200001300,,36.0,15.01.2025,Rajasthan,NR,Generator,208.5,Solar,208.5,,,,,Granted,Barmer-III,220.0,,"EL-A5E2F, EL-06A29","EL-5F6B8, EL-B5AA8, EL-9AAB9, EL-2A125, EL-A1D4E, EL-CFCC2, EL-141F6",208.5,,,,,30.09.2030,No,,,,,,,,
03.10.2024,Avaada Rjbikaner Private Limited,Land Route,31.12.2026,2200001326,,36.0,15.01.2025,Rajasthan,NR,Generator,940.0,Solar,354.0,,,,,Granted,Bikaner-V,220.0,,EL-1F425,"EL-D9A07, EL-E354F, EL-85255, EL-26318, EL-326E0, EL-BDCD9, EL-23675, EL-75F9E, EL-745F8, EL-37199, EL-E5FDE",354.0,,,,,31.03.2030,No,,,,,,,,
04.10.2024,Avaada Rjsustainable Private Limited,Land Route,31.12.2026,2200001316,,36.0,15.01.2025,Rajasthan,NR,Generator,660.0,Solar,660.0,,,,,Granted,Bhadla-IV,400.0,,EL-16884,"EL-5A0ED, EL-9267B, EL-26318, EL-CE849, EL-2B272, EL-A4C5F, EL-6DFEE, EL-65D44",660.0,,,,,31.03.2030,No,,,,,,,,
14.10.2024,Avaada Energy Private Limited,NHPC LOA,31.03.2027,2200001353,,36.0,15.01.2025,Rajasthan,NR,Generator,350.0,Solar,350.0,,,,,Granted,Bikaner-V,400.0,,EL-2B49F,"EL-D9A07, EL-E354F, EL-85255, EL-26318, EL-326E0, EL-BDCD9, EL-23675, EL-75F9E, EL-745F8, EL-37199, EL-E5FDE",350.0,,,,,31.03.2030,No,,,,,,,,
14.10.2024,Avaada Energy Private Limited,NHPC LOA,31.03.2027,2200001352,,36.0,15.01.2025,Rajasthan,NR,Generator,750.0,Solar,750.0,,,,,Applied,Barmer-II,,,,,,,,,,,,,,,,,,,
18.10.2024,Acme Gamma Urja Private Limited,Land Route,31.12.2026,2200001366,,36.0,15.01.2025,Rajasthan,NR,Generator,350.0,Solar,350.0,,,,,Granted,Barmer-III,220.0,,EL-A6DAA,"EL-5F6B8, EL-B5AA8, EL-9AAB9, EL-2A125, EL-A1D4E, EL-CFCC2, EL-141F6",350.0,,,,,30.09.2030,No,,,,,,,,
22.10.2024,Junachay Wind Energy Private Limited,Land BG Route,01.04.2027,2200001382,,36.0,15.01.2025,Rajasthan,NR,Generator,100.0,Wind,,100.0,,,,Granted,Ramgarh-II,220.0,,EL-145D8,"EL-3DDDE, EL-A6B97, EL-3BFE1, EL-6ACC9, EL-DB586, EL-11BD7, EL-A1D4E, EL-6EB09, EL-141F6",100.0,,,,,31.03.2030,No,,,,,,,,
22.10.2024,Dharvi Kalan Wind Energy Private Limited,Land BG Route,01.04.2027,2200001391,,36.0,15.01.2025,Rajasthan,NR,Generator,100.0,Wind,,100.0,,,,Granted,Ramgarh-II,220.0,,EL-3DB34,"EL-3DDDE, EL-A6B97, EL-3BFE1, EL-6ACC9, EL-DB586, EL-11BD7, EL-A1D4E, EL-6EB09, EL-141F6",100.0,,,,,31.03.2030,No,,,,,,,,
22.10.2024,Dangri Wind Energy Private Limited,Land BG Route,01.04.2027,2200001390,,36.0,15.01.2025,Rajasthan,NR,Generator,100.0,Wind,,100.0,,,,Granted,Ramgarh-II,220.0,,"EL-145D8, EL-6A5A4","EL-3DDDE, EL-A6B97, EL-3BFE1, EL-6ACC9, EL-DB586, EL-11BD7, EL-A1D4E, EL-6EB09, EL-141F6",100.0,,,,,31.03.2030,No,,,,,,,,
23.10.2024,Rohat Solar Park Private Limited,Land Route,31.12.2027,2200001372,,36.0,15.01.2025,Rajasthan,NR,Renewable Power Park developer,350.0,Solar,350.0,,,,,Granted,Barmer-III,220.0,,EL-1CC5F,"EL-5F6B8, EL-B5AA8, EL-9AAB9, EL-2A125, EL-A1D4E, EL-CFCC2, EL-141F6",350.0,,,,,30.09.2030,No,,,,,,,,
24.10.2024,Hexa Climate Solutions Private Limited,Land BG Route,31.10.2026,2200001396,,36.0,15.01.2025,Rajasthan,NR,"Generating station, including REGS, with ESS",50.0,Solar+BESS,,,,,,Granted,Barmer-I,220.0,,"EL-6F9F6, EL-9EA33","EL-AB6F6, EL-04FBF, EL-E0593, EL-C16AF, EL-9DE74, EL-26050, EL-4777E, EL-0D0CA, EL-7AF76, EL-DA901, EL-8F19A, EL-AE31B, EL-18361, EL-A83CD, EL-417DD, EL-32FE8, EL-A495D, EL-74937, EL-50132, EL-06311, EL-D0E44, EL-553D7, EL-D7C90, EL-F4EEC, EL-80081, EL-90C55, EL-C99C8, EL-F20FC, EL-6F66E, EL-B6BDF, EL-C7A50",50.0,,,,,31.03.2027,No,,,,,,,,
24.10.2024,Enren-IV Energy Private Limited,Land BG Route,30.08.2027,2200001398,,36.0,15.01.2025,Rajasthan,NR,Generator,300.0,Solar,300.0,,,,,Granted,Barmer-III,220.0,,EL-BF27C,"EL-5F6B8, EL-B5AA8, EL-9AAB9, EL-2A125, EL-A1D4E, EL-CFCC2, EL-141F6",300.0,,,,,30.09.2030,No,,,,,,,,
25.10.2024,Aright Foods And Energy Private Limited,Land Route,30.09.2027,2200001404,,36.0,15.01.2025,Rajasthan,NR,Renewable Power Park developer,2000.0,Solar,2000.0,,,,,Granted,Bhadla-IV,400.0,,EL-E4838,"EL-5A0ED, EL-9267B, EL-26318, EL-CE849, EL-2B272, EL-A4C5F, EL-6DFEE, EL-65D44",2000.0,,,,,31.03.2030,No,,,,,,,,
26.10.2024,Unique Hytech Renewable Energy Private Limited,Land Route,31.10.2029,2200001407,,36.0,15.01.2025,Rajasthan,NR,Generator,150.0,Wind,,150.0,,,,Granted,Barmer-III,220.0,,"EL-A5E2F, EL-06A29","EL-5F6B8, EL-B5AA8, EL-9AAB9, EL-2A125, EL-A1D4E, EL-CFCC2, EL-141F6",150.0,,,,,30.09.2030,No,,,,,,,,
29.10.2024,Sprng Green Energy 4 Private Limited,Land BG Route,30.06.2029,2200001417,,36.0,15.01.2025,Rajasthan,NR,Generator,400.0,Solar,400.0,,,,,Applied,Bhadla-IV,,,,,,,,,,,,,,,,,,,
30.10.2024,Azure Power Fifty One Private Limited,Land Route,31.12.2029,2200001420,,36.0,15.01.2025,Rajasthan,NR,Generator,600.0,Solar,600.0,,,,,Applied,Bhadla-IV,,,,,,,,,,,,,,,,,,,
30.10.2024,Avaada Energy Private Limited,SJVN LOA,30.06.2027,2200001422,,36.0,15.01.2025,Rajasthan,NR,"Generating station, including REGS, with ESS",800.0,Solar+BESS,,,,,,Applied,Barmer-II,,,,,,,,,,,,,,,,,,,
18.10.2024,Acme Solar Holdings Limited,,,1200001602,,36.0,15.01.2025,Rajasthan,NR,Standalone ESS,300.0,BESS,,,,300.0,True,Granted,Fatehgarh-I,400.0,,,,300.0,2200001376,,,31.12.2026,25.06.2027,No,,,,1200.0,,,,
18.10.2024,Acme Solar Holdings Limited,,,1200001603,,36.0,15.01.2025,Rajasthan,NR,Standalone ESS,300.0,BESS,,,,300.0,True,Granted,Fatehgarh-I,400.0,,,,300.0,2200001377,,,31.12.2026,25.06.2027,No,,,,1200.0,,,,
18.10.2024,Acme Solar Holdings Limited,,,1200001643,,36.0,15.01.2025,Rajasthan,NR,Standalone ESS,300.0,BESS,,,,300.0,True,Granted,Fatehgarh-I,400.0,,,,300.0,2200001378,,,31.12.2026,25.06.2027,No,,,,1200.0,,,,
18.10.2024,Acme Solar Holdings Limited,,,1200001642,,36.0,15.01.2025,Rajasthan,NR,Standalone ESS,300.0,BESS,,,,300.0,True,Granted,Fatehgarh-I,400.0,,,,300.0,2200001379,,,31.12.2026,25.06.2027,No,,,,1200.0,,,,
21.10.2024,Acme Heergarh Powertech Pvt. Limited,,,1200002471,,36.0,15.01.2025,Rajasthan,NR,Standalone ESS,300.0,Solar+BESS,300.0,,,300.0,True,Applied,Bhadla-II,220.0,,,,,2200001385,,,30.06.2026,25.06.2027,,,,,1200.0,,,,
21.06.2024,Vismaya Five Renewables Private Limited,Land BG Route,31.12.2030,2200000954,,35.0,29.10.2024,Rajasthan,NR,Generator,250.0,Solar,250.0,,,,,Granted,Barmer-II,220.0,,EL-BFED7,"EL-14747, EL-AD084, EL-98E67, EL-F9AF9, EL-AE2D7, EL-3B268, EL-92100, EL-E191F, EL-3F9F2",250.0,,,,,31.12.2030,No,,,,,,,,
24.06.2024,NTPC Renewable Energy Limited,Land Route,31.03.2027,2200000973,,35.0,29.10.2024,Rajasthan,NR,Generator,100.0,Solar,100.0,,,,,Granted,Barmer-II,400.0,,EL-D9D1E,"EL-14747, EL-AD084, EL-98E67, EL-F9AF9, EL-AE2D7, EL-3B268, EL-92100, EL-E191F, EL-3F9F2",100.0,,,,,31.12.2029,No,,,,,,,,
05.08.2024,Avaada Waterbattery Private Limited,-,30.06.2029,2200001086,,35.0,29.10.2024,Uttar Pradesh,NR,Pumped Storage,596.0,PSP,,,,,,Granted,Robertsganj-I,400.0,,EL-82D7A,"EL-CF972, EL-EF788, EL-59C19, EL-7C9B8, EL-A9AB8, EL-F97E5, EL-23874, EL-FE4F8, EL-F339F, EL-ED63C, EL-36B72, EL-6B87E, EL-1989E, EL-73496, EL-AAE2C, EL-DEDF4, EL-16C00, EL-D7DF8, EL-CA7A7, EL-A8719, EL-4816A, EL-37BE5",596.0,,,,,,,,,,,520.0,596.0,,
07.08.2024,NTPC Renewable Energy Limited,Land Route,30.12.2026,2200001126,,35.0,29.10.2024,Rajasthan,NR,Generator,600.0,Solar,600.0,,,,,Granted,Bikaner-V,400.0,,EL-DA776,"EL-D9A07, EL-85255, EL-26318, EL-326E0, EL-BDCD9, EL-23675, EL-75F9E, EL-745F8, EL-37199, EL-905E4, EL-207DF",600.0,,,,,31.03.2030,No,,,,,,,,
08.08.2024,Aditya Birla Renewables Limited,Land BG Route,15.06.2026,2200001128,,35.0,29.10.2024,Rajasthan,NR,Generator,100.0,Hybrid,,,,,,Granted,Barmer-II,220.0,,"EL-DF178, EL-4A753","EL-14747, EL-AD084, EL-98E67, EL-F9AF9, EL-AE2D7, EL-3B268, EL-92100, EL-E191F, EL-3F9F2",100.0,,,,,31.12.2029,No,100.0,,,,,,,
08.08.2024,Aditya Birla Renewables Limited,Land BG Route,15.06.2027,2200001134,,35.0,29.10.2024,Rajasthan,NR,Generator,300.0,Solar,300.0,,,,,Granted,Merta-III,220.0,,EL-F31CC,"EL-72571, EL-F1D12, EL-0C9F0, EL-5EA00, EL-C89B9, EL-DC354, EL-A1D4E, EL-DB837, EL-141F6",300.0,,,,,31.03.2031,No,,,,,,,,
09.08.2024,TEQ Green Power XIII Private Limited,REMCL LOA,15.03.2027,2200001136,,35.0,29.10.2024,Rajasthan,NR,Generator,120.0,Solar,120.0,,,,,Withdrawn,Barmer-III,,,,,0.0,,,,,,,,,,,,,,
09.08.2024,Green Infra Renewable Energy Farms Private Limited,Land BG Route,15.12.2028,2200001141,,35.0,29.10.2024,Rajasthan,NR,Generator,300.0,Solar,300.0,,,,,Granted,Barmer-III,220.0,,EL-C6A87,"EL-226AA, EL-9AAB9, EL-2A125, EL-A1D4E, EL-CFCC2, EL-141F6",300.0,,,,,31.12.2030,No,,,,,,,,
30.08.2024,Green Infra Renewable Energy Farms Private Limited,Land BG Route,15.12.2028,2200001194,,35.0,29.10.2024,Rajasthan,NR,Generator,300.0,Solar,300.0,,,,,Granted,Barmer-III,220.0,,EL-C6A87,"EL-226AA, EL-9AAB9, EL-2A125, EL-A1D4E, EL-CFCC2, EL-141F6",300.0,,,,,31.12.2030,No,,,,,,,,
30.08.2024,Renew Solar Power Private Limited,NHPC LOA,30.09.2026,2200001188,,35.0,29.10.2024,Rajasthan,NR,Generator,250.0,Solar,250.0,,,,,Granted,Barmer-III,220.0,,EL-4428E,"EL-226AA, EL-9AAB9, EL-2A125, EL-A1D4E, EL-CFCC2, EL-141F6",250.0,,,,,31.12.2030,No,,,,,,,,
03.09.2024,SHN Green Power Private Limited,Land BG Route,01.09.2029,2200001198,,35.0,29.10.2024,Rajasthan,NR,Generator,297.0,Wind,,297.0,,,,Granted,Ramgarh-II,220.0,,EL-D2CF8,"EL-3DDDE, EL-A6B97, EL-3BFE1, EL-6ACC9, EL-DB586, EL-11BD7, EL-A1D4E, EL-6EB09, EL-141F6",297.0,,,,,31.03.2030,No,,,,,,,,
09.09.2024,Juniper Green Energy Private Limited,LOA NTPC,30.09.2026,2200001210,,35.0,29.10.2024,Rajasthan,NR,Generator,130.0,Solar,130.0,,,,,Granted,Bikaner-V,220.0,,EL-BC130,"EL-D9A07, EL-85255, EL-26318, EL-326E0, EL-BDCD9, EL-23675, EL-75F9E, EL-745F8, EL-37199, EL-905E4, EL-207DF",130.0,,,,,31.03.2030,No,,,,,,,,
18.09.2024,Foxtrot Solar Renewables Energy Private Limited,Land Route,31.12.2029,2200001252,,35.0,29.10.2024,Rajasthan,NR,Generator,74.0,Solar,74.0,,,,,Granted,Barmer-III,220.0,,EL-BC07B,"EL-226AA, EL-9AAB9, EL-2A125, EL-A1D4E, EL-CFCC2, EL-141F6",74.0,,,,,31.12.2030,No,,,,,,,,
21.09.2024,Purvah Green Power Private Limited,Land BG Route,31.03.2029,2200001261,,35.0,29.10.2024,Rajasthan,NR,Generator,300.0,Solar,300.0,,,,,Granted,Bikaner-V,220.0,,EL-ED8D0,"EL-D9A07, EL-85255, EL-26318, EL-326E0, EL-BDCD9, EL-23675, EL-75F9E, EL-745F8, EL-37199, EL-905E4, EL-207DF",300.0,,,,,31.03.2030,No,,,,,,,,
21.09.2024,Purvah Green Power Private Limited,Land BG Route,01.09.2029,2200001262,,35.0,29.10.2024,Rajasthan,NR,Generator,300.0,Solar,300.0,,,,,Granted,Bikaner-V,220.0,,EL-ED8D0,"EL-D9A07, EL-85255, EL-26318, EL-326E0, EL-BDCD9, EL-23675, EL-75F9E, EL-745F8, EL-37199, EL-905E4, EL-207DF",300.0,,,,,31.03.2030,No,,,,,,,,
24.09.2024,Avaada Suryaenergy Private Limited,Land Route,31.12.2026,2200001254,,35.0,29.10.2024,Rajasthan,NR,Generator,560.0,Solar,560.0,,,,,Granted,Bikaner-V,400.0,,EL-24D0D,"EL-D9A07, EL-85255, EL-26318, EL-326E0, EL-BDCD9, EL-23675, EL-75F9E, EL-745F8, EL-37199, EL-905E4, EL-207DF",560.0,,,,,31.03.2030,No,,,,,,,,
26.09.2024,Vismaya Four Renewables Private Limited,Land BG Route,01.10.2030,2200001284,,35.0,29.10.2024,Rajasthan,NR,Generator,50.0,Solar,50.0,,,,,Granted,Bhadla-IV,400.0,,EL-6573E,"EL-5A0ED, EL-9267B, EL-26318, EL-CE849, EL-2B272, EL-A4C5F, EL-6DFEE, EL-65D44",50.0,,,,,01.10.2030,No,,,,,,,,
26.09.2024,Vismaya Five Renewables Private Limited,Land BG Route,31.12.2030,2200001285,,35.0,29.10.2024,Rajasthan,NR,Generator,50.0,Solar,50.0,,,,,Granted,Barmer-II,220.0,,EL-AA42A,"EL-14747, EL-AD084, EL-98E67, EL-F9AF9, EL-AE2D7, EL-3B268, EL-92100, EL-E191F, EL-3F9F2",50.0,,,,,31.12.2030,No,,,,,,,,
30.09.2024,TEQ Green Power IX Private Limited,LOA or PPA,15.06.2027,2200001300,,35.0,29.10.2024,Rajasthan,NR,Generator,208.5,Solar,208.5,,,,,Applied,Barmer-III,,,,,,,,,,,,,,,,,,,
,Soltown Infra Private Limited,,31-12-2025,1200003889,,34.0,20.09.2024,Rajasthan,NR,,200.0,,,,,,,Granted,Bikaner-II,220.0,,EL-F0027,"EL-328D7, EL-B075D, EL-E173B, EL-95D93, EL-C2590, EL-91E7F, EL-E8A1F, EL-2453D, EL-EF0A0, EL-4535D, EL-92EB7, EL-CBFD4",200.0,,,,,31-12-2025,Yes,,,,,,,,
,Soltown Infra Private Limited,,31-10-2025,212100007,,34.0,20.09.2024,Rajasthan,NR,,350.0,,,,,,,Granted,Bikaner-II,220.0,,EL-F0027,"EL-328D7, EL-B075D, EL-E173B, EL-95D93, EL-C2590, EL-91E7F, EL-E8A1F, EL-2453D, EL-EF0A0, EL-4535D, EL-92EB7, EL-CBFD4",350.0,,,,,22.08.2026,No,,,,,,,,
,Soltown Infra Private Limited,,31-12-2025,212100008,,34.0,20.09.2024,Rajasthan,NR,,125.0,,,,,,,Granted,Bikaner-II,220.0,,EL-F0027,"EL-328D7, EL-B075D, EL-E173B, EL-95D93, EL-C2590, EL-91E7F, EL-E8A1F, EL-2453D, EL-EF0A0, EL-4535D, EL-92EB7, EL-CBFD4",125.0,,,,,22.08.2026,No,,,,,,,,
07.05.2024,ACME Solar Holdings Limited (erstwhile ACME Solar Holdings,Land BG Route,31.03.2027,2200000788,,34.0,20.09.2024,Rajasthan,NR,Generator,300.0,Solar,300.0,,,,,Withdrawn,Sirohi-I,,,,,0.0,,,,,,,,,,,,,,
10.05.2024,SAEL Industries Limited,Land BG Route,30.05.2026,2200000793,,34.0,20.09.2024,Rajasthan,NR,Generator,300.0,Solar,300.0,,,,,Withdrawn,Sirohi-I,,,,,0.0,,,,,,,,,,,,,,
10.05.2024,SAEL Industries Limited,Land BG Route,30.05.2026,2200000794,,34.0,20.09.2024,Rajasthan,NR,Generator,300.0,Solar,300.0,,,,,Withdrawn,Sirohi-I,,,,,0.0,,,,,,,,,,,,,,
20.05.2024,Amplus Centaur Solar Private Limited,Land BG Route,30.04.2027,2200000827,,34.0,20.09.2024,Rajasthan,NR,Generator,350.0,Solar,350.0,,,,,Granted,Sirohi-II,220.0,,EL-64346,"EL-A6A24, EL-C8E53, EL-A2220, EL-73A05, EL-A1D4E, EL-0FE43, EL-141F6",350.0,,,,,30.09.2030,No,,,,,,,,
31.05.2024,ACME Solar Holdings Limited (erstwhile ACME Solar Holdings Private Limited),Land BG Route,31.03.2027,2200000841,,34.0,20.09.2024,Rajasthan,NR,Generator,100.0,Solar,100.0,,,,,Withdrawn,Merta-II,,,,,0.0,,,,,,,,,,,,,,
31.05.2024,Serentica Renewables India Private Limited,Land BG Route,30.06.2026,2200000891,,34.0,20.09.2024,Rajasthan,NR,Generator,400.0,Solar,400.0,,,,,Withdrawn,Rishabhdeo-I,,,,,0.0,,,,,,,,,,,,,,
31.05.2024,Enren-III Energy Private Limited,Land BG Route,31.01.2027,2200000860,,34.0,20.09.2024,Rajasthan,NR,Generator,300.0,Solar,300.0,,,,,Granted,Merta-III,220.0,,EL-41D01,"EL-72571, EL-F1D12, EL-0C9F0, EL-5EA00, EL-C89B9, EL-DC354, EL-A1D4E, EL-DB837, EL-141F6",300.0,,,,,31.03.2031,No,,,,,,,,
31.05.2024,Sindhari Solar Power Private Limited,Land BG Route,30.06.2027,2200000894,,34.0,20.09.2024,Rajasthan,NR,Renewable Power Park developer,300.0,Solar,300.0,,,,,Withdrawn,Merta-III,,,,,0.0,,,,,,,,,,,,,,
04.06.2024,Prespa Solar Private Limited,Land BG Route,31.12.2026,2200000832,,34.0,20.09.2024,Rajasthan,NR,Renewable Power Park developer,250.0,Solar,250.0,,,,,Granted,Merta-III,220.0,,EL-12429,"EL-72571, EL-F1D12, EL-0C9F0, EL-5EA00, EL-C89B9, EL-DC354, EL-A1D4E, EL-DB837, EL-141F6",250.0,,,,,31.03.2031,No,,,,,,,,
05.07.2024,Sunsure Solarpark RJ One Private Limited,Land BG Route,31.03.2029,2200001021,,34.0,20.09.2024,Rajasthan,NR,Generator,350.0,Solar,350.0,,,,,Granted,Bikaner-V,220.0,,EL-15D03,"EL-D9A07, EL-207DF, EL-85255, EL-26318, EL-326E0, EL-BDCD9, EL-23675, EL-75F9E, EL-745F8, EL-37199, EL-905E4",350.0,,,,,31.03.2030,No,,,,,,,,
05.07.2024,Sunbreeze Renewables Seven Private Limited,Land Route,31.03.2026,2200000983,,34.0,20.09.2024,Rajasthan,NR,Renewable Power Park developer,400.0,Solar,400.0,,,,,Granted,Ramgarh-II,220.0,,EL-E81E2,"EL-3DDDE, EL-3BFE1, EL-6ACC9, EL-DB586, EL-11BD7, EL-A1D4E, EL-6EB09, EL-141F6, EL-A6B97",400.0,,,,,31.03.2030,No,,,,,,,,
16.07.2024,Juniper Green Energy Private Limited,Land BG Route,30.06.2029,2200001056,,34.0,20.09.2024,Rajasthan,NR,Generator,400.0,Solar,400.0,,,,,Granted,Bikaner-V,220.0,,EL-D1B6F,"EL-D9A07, EL-207DF, EL-85255, EL-26318, EL-326E0, EL-BDCD9, EL-23675, EL-75F9E, EL-745F8, EL-37199, EL-905E4",400.0,,,,,31.03.2030,No,,,,,,,,
17.07.2024,Foxtrot Solar Renewables Energy Private Limited,Land Route,31.12.2030,2200001057,,34.0,20.09.2024,Rajasthan,NR,Generator,100.0,Solar,100.0,,,,,Granted,Barmer-III,220.0,,EL-C3BC4,"EL-226AA, EL-9AAB9, EL-2A125, EL-A1D4E, EL-CFCC2, EL-141F6",100.0,,,,,31.12.2030,No,,,,,,,,
17.07.2024,ACME Cleantech Solutions Private Limited,Land BG Route,31.10.2026,2200001065,,34.0,20.09.2024,Rajasthan,NR,Generator,150.0,Solar,150.0,,,,,Granted,Fatehgarh-II,400.0,,EL-7263A,"EL-ADC60, EL-57AA1, EL-72AA1, EL-39439, EL-3877B, EL-1BF5F, EL-B6BDF, EL-C7A50",150.0,,,,,31.03.2027,No,,,,,,,,
19.07.2024,Renew Solar Power Private Limited,REMCL LOA,30.09.2026,2200001026,,34.0,20.09.2024,Rajasthan,NR,Generator,200.0,Solar,200.0,,,,,Granted,Barmer-III,220.0,,EL-3AEEC,"EL-226AA, EL-9AAB9, EL-2A125, EL-A1D4E, EL-CFCC2, EL-141F6",200.0,,,,,30.09.2030,No,,,,,,,,
24.07.2024,Adani Renewable Energy Holding Eighteen Limited,Land Route,15.06.2025,2200001044,,34.0,20.09.2024,Rajasthan,NR,Generator,50.0,Solar,50.0,,,,,Granted,Bhadla-II,400.0,,"EL-6B998, EL-B8BAA","EL-46A03, EL-57AA1, EL-72AA1, EL-39439, EL-3877B, EL-1BF5F, EL-B6BDF, EL-C7A50",50.0,,,,,31.03.2027,No,,,,,,,,
26.07.2024,TEQ Green Power XV Private Limited,Land BG Route,15.06.2027,2200001089,,34.0,20.09.2024,Rajasthan,NR,Renewable Power Park developer,300.0,Solar,300.0,,,,,Granted,Pali-I,220.0,,EL-89EA0,"EL-75464, EL-43445, EL-0C9F0, EL-C89B9, EL-DC354, EL-A1D4E, EL-DB837, EL-141F6",300.0,,,,,31.03.2031,No,,,,,,,,
26.07.2024,TEQ Green Power XV Private Limited,Land BG Route,15.06.2027,2200001087,,34.0,20.09.2024,Rajasthan,NR,Renewable Power Park developer,300.0,Solar,300.0,,,,,Granted,Jalore-I,220.0,,EL-E93BC,"EL-77D24, EL-A5BEB, EL-C8E53, EL-A2220, EL-35A84, EL-860DB, EL-73A05, EL-A1D4E, EL-0FE43, EL-141F6",300.0,,,,,30.09.2030,No,,,,,,,,
26.07.2024,Foxtrot Solar Renewables Energy Private Limited,Land Route,31.12.2031,2200001088,,34.0,20.09.2024,Rajasthan,NR,Generator,80.0,Solar,80.0,,,,,Granted,Barmer-III,220.0,,EL-C3BC4,"EL-226AA, EL-9AAB9, EL-2A125, EL-A1D4E, EL-CFCC2, EL-141F6",80.0,,,,,31.12.2031,No,,,,,,,,
26.07.2024,Avaada Energy Private Limited,NHPC LOA,30.04.2026,2200001085,,34.0,20.09.2024,Rajasthan,NR,Generator,700.0,Solar,700.0,,,,,Granted,Bhadla-IV,400.0,,EL-DBBE6,"EL-0ECFA, EL-9267B, EL-26318, EL-CE849, EL-2B272, EL-A4C5F, EL-6DFEE, EL-65D44, EL-7BBDE",700.0,,,,,31.03.2030,No,,,,,,,,
31.07.2024,Diyos Three Renewables Private Limited,Land BG Route,01.04.2031,2200001100,,34.0,20.09.2024,Rajasthan,NR,Renewable Power Park developer,300.0,Solar,300.0,,,,,Granted,Pali-I,220.0,,EL-83715,"EL-75464, EL-43445, EL-0C9F0, EL-C89B9, EL-DC354, EL-A1D4E, EL-DB837, EL-141F6",300.0,,,,,01.04.2031,No,,,,,,,,
25.01.2024,Renew Solar Power Private Limited,SECI LOA,30.09.2026,2200000516,,33.0,05.08.2024,Rajasthan,NR,Generator,300.0,Solar,300.0,,,,,Applied,Bhadla-III,,,,,,,,,,31.03.2030,,,,,,,,,
25.01.2024,Renew Solar Power Private Limited,SJVN LOA,31.05.2026,2200000521,,33.0,05.08.2024,Rajasthan,NR,Generator with ESS,200.0,Solar,200.0,,,,,Applied,Bhadla-IV,,,,,,,,,,30.09.2026,,,,,,,,,
25.01.2024,Renew Solar Power Private Limited,SJVN LOA,31.05.2026,2200000522,,33.0,05.08.2024,Rajasthan,NR,Generator,300.0,Solar,300.0,,,,,Granted,Bhadla-IV,400.0,,EL-62002,"EL-5A0ED, EL-9267B, EL-26318, EL-CE849, EL-2B272, EL-A4C5F, EL-6DFEE, EL-65D44, EL-7BBDE",300.0,,,,,31.03.2030,No,,,,,,,,
01.03.2024,NTPC Renewable Energy Limited,Land Route,31.03.2026,2200000567,,33.0,05.08.2024,Rajasthan,NR,Generator,300.0,Solar,300.0,,,,,Granted,Barmer-II,400.0,,EL-BBDA4,"EL-14747, EL-AD084, EL-98E67, EL-F9AF9, EL-AE2D7, EL-3B268, EL-92100, EL-E191F, EL-3F9F2",300.0,,,,,31.12.2029,No,,,,,,,,
02.03.2024,Avaada Energy Private Limited,NTPC LOA,26.03.2026,2200000580,,33.0,05.08.2024,Rajasthan,NR,Generator,200.0,Solar,200.0,,,,,Granted,Barmer-II,220.0,,EL-CDE18,"EL-14747, EL-AD084, EL-98E67, EL-F9AF9, EL-AE2D7, EL-3B268, EL-92100, EL-E191F, EL-3F9F2",200.0,,,,,31.12.2029,No,,,,,,,,
06.03.2024,Jade Hybren Private Limited,Land BG Route,30.06.2026,2200000616,,33.0,05.08.2024,Rajasthan,NR,Generator,300.0,Solar,300.0,,,,,Withdrawn,Bikaner-V,,,,,0.0,,,,,,,,,,,,,,
06.03.2024,Migos Hybren Private Limited,Land BG Route,31.12.2026,2200000618,,33.0,05.08.2024,Rajasthan,NR,Generator,600.0,Solar,600.0,,,,,Granted,Ramgarh-I,220.0,,EL-844B3,"EL-2E45B, EL-065D3, EL-31139, EL-CE816, EL-DD8DD, EL-BE37F, EL-90F2A, EL-B8CEB, EL-C2310, EL-CD00C, EL-547E5, EL-BBD19, EL-69266, EL-95995",600.0,,,,,31.12.2028,No,,,,,,,,
07.03.2024,Kyros Hybren Private Limited,Land BG Route,30.06.2025,2200000624,,33.0,05.08.2024,Rajasthan,NR,Generator,100.0,Solar,100.0,,,,,Withdrawn,Bhadla-III,,,,,0.0,,,,,,,,,,,,,,
07.03.2024,Aravalli Surya (Project 1) Private Limited,Land Route,31.12.2027,2200000605,,33.0,05.08.2024,Rajasthan,NR,Generator,335.0,Solar,335.0,,,,,Granted,Bhadla-IV,220.0,,EL-5C930,"EL-5A0ED, EL-9267B, EL-26318, EL-CE849, EL-2B272, EL-A4C5F, EL-6DFEE, EL-65D44, EL-7BBDE",335.0,,,,,31.03.2030,No,,,,,,,,
13.03.2024,Adani Renewable Energy Holding Four Limited,Land Route,15.06.2025,2200000598,,33.0,05.08.2024,Rajasthan,NR,Generator,500.0,Solar,500.0,,,,,Granted,Ramgarh-I,400.0,,EL-D3904,"EL-2E45B, EL-065D3, EL-31139, EL-CE816, EL-DD8DD, EL-BE37F, EL-90F2A, EL-B8CEB, EL-C2310, EL-CD00C, EL-547E5, EL-BBD19, EL-69266, EL-95995",500.0,,,,,31.12.2028,No,,,,,,,,
13.03.2024,Adani Renewable Energy Holding Four Limited,Land Route,15.06.2025,2200000599,,33.0,05.08.2024,Rajasthan,NR,Generator,500.0,Solar,500.0,,,,,Granted,Ramgarh-I,400.0,,EL-D3904,"EL-2E45B, EL-065D3, EL-31139, EL-CE816, EL-DD8DD, EL-BE37F, EL-90F2A, EL-B8CEB, EL-C2310, EL-CD00C, EL-547E5, EL-BBD19, EL-69266, EL-95995",500.0,,,,,31.12.2028,No,,,,,,,,
14.03.2024,Serentica Renewables India Private Limited,Land BG Route,30.06.2026,2200000644,,33.0,05.08.2024,Rajasthan,NR,Generator,300.0,Solar,300.0,,,,,Granted,Sirohi-I,220.0,,EL-3B6C3,"EL-C16AF, EL-26050, EL-0B6FA, EL-0D0CA, EL-7AF76, EL-544F8, EL-8F19A, EL-AE31B, EL-18361, EL-A83CD, EL-417DD, EL-32FE8, EL-A495D, EL-74937, EL-B6BDF, EL-C7A50, EL-3CE98",300.0,,,,,31.03.2027,No,,,,,,,,
14.03.2024,Adani Renewable Energy Park Rajasthan Limited,Land Route,15.06.2025,2200000600,,33.0,05.08.2024,Rajasthan,NR,Renewable Power Park developer,1000.0,Solar,1000.0,,,,,Granted,Ramgarh-II,400.0,,EL-9ADBC,"EL-3DDDE, EL-3BFE1, EL-6ACC9, EL-DB586, EL-11BD7, EL-A1D4E, EL-6EB09, EL-141F6, EL-A6B97",1000.0,,,,,31.03.2030,No,,,,,,,,
14.03.2024,Adani Renewable Energy Park Rajasthan Limited,Land Route,15.06.2025,2200000601,,33.0,05.08.2024,Rajasthan,NR,Renewable Power Park developer,1000.0,Solar,1000.0,,,,,Granted,Ramgarh-II,400.0,,EL-B5F9A,"EL-3DDDE, EL-3BFE1, EL-6ACC9, EL-DB586, EL-11BD7, EL-A1D4E, EL-6EB09, EL-141F6, EL-A6B97",1000.0,,,,,31.03.2030,No,,,,,,,,
15.03.2024,Illuminate Hybren Private Limited,Land BG Route,30.06.2026,2200000646,,33.0,05.08.2024,Rajasthan,NR,Generator,300.0,Solar,300.0,,,,,Granted,Sirohi-I,220.0,,EL-7F39F,"EL-C16AF, EL-26050, EL-0B6FA, EL-0D0CA, EL-7AF76, EL-544F8, EL-8F19A, EL-AE31B, EL-18361, EL-A83CD, EL-417DD, EL-32FE8, EL-A495D, EL-74937, EL-B6BDF, EL-C7A50, EL-3CE98",300.0,,,,,31.03.2027,No,,,,,,,,
19.03.2024,Avaada Energy Private Limited,SJVN LOA,30.09.2026,2200000636,,33.0,05.08.2024,Rajasthan,NR,Generator,450.0,Solar,450.0,,,,,Granted,Barmer-II,220.0,,EL-CDE18,"EL-14747, EL-AD084, EL-98E67, EL-F9AF9, EL-AE2D7, EL-3B268, EL-92100, EL-E191F, EL-3F9F2",450.0,,,,,31.12.2029,No,,,,,,,,
27.03.2024,Green Infra Wind Energy Limited,SJVN LOA,30.06.2027,2200000654,,33.0,05.08.2024,Rajasthan,NR,Generator,300.0,Solar,300.0,,,,,Granted,Barmer-II,220.0,,,,300.0,,,,,,,,,,,,,,
28.03.2024,Adani Renewable Energy Holding Four Limited,SECI LOA,01.10.2025,2200000661,,33.0,05.08.2024,Rajasthan,NR,Generator,250.0,Solar,250.0,,,,,Granted,Ramgarh-I,400.0,,EL-37646,"EL-2E45B, EL-065D3, EL-31139, EL-CE816, EL-DD8DD, EL-BE37F, EL-90F2A, EL-B8CEB, EL-C2310, EL-CD00C, EL-547E5, EL-BBD19, EL-69266, EL-95995",250.0,,,,,31.12.2028,No,,,,,,,,
28.03.2024,Adani Renewable Energy Holding Four Limited,SECI LOA,01.10.2026,2200000662,,33.0,05.08.2024,Rajasthan,NR,Generator,284.0,Solar,284.0,,,,,Granted,Ramgarh-I,400.0,,EL-3ABED,"EL-2E45B, EL-065D3, EL-31139, EL-CE816, EL-DD8DD, EL-BE37F, EL-90F2A, EL-B8CEB, EL-C2310, EL-CD00C, EL-547E5, EL-BBD19, EL-69266, EL-95995",284.0,,,,,31.03.2030,No,,,,,,,,
28.03.2024,Juniper Green Energy Private Limited,SJVN LOA,30.06.2026,2200000668,,33.0,05.08.2024,Rajasthan,NR,Generator,180.0,Hybrid,,,,,,Granted,Barmer-II,220.0,,"EL-703D7, EL-3FA83","EL-14747, EL-AD084, EL-98E67, EL-F9AF9, EL-AE2D7, EL-3B268, EL-92100, EL-E191F, EL-3F9F2",180.0,,,,,31.12.2029,No,180.0,,,,,,,
29.03.2024,Tata Power Renewable Energy Limited,Land BG Route,30.06.2028,2200000672,,33.0,05.08.2024,Rajasthan,NR,Generator,600.0,Solar,600.0,,,,,Granted,Ramgarh-I,400.0,,EL-F7376,"EL-3DDDE, EL-2E45B, EL-3BFE1, EL-6ACC9, EL-DB586, EL-11BD7, EL-A1D4E, EL-6EB09, EL-141F6",600.0,,,,,31.03.2030,No,,,,,,,,
30.03.2024,Sprng Urja Private Limited,Land BG Route,30.06.2029,2200000681,,33.0,05.08.2024,Rajasthan,NR,Renewable Power Park developer,1000.0,Solar,1000.0,,,,,Granted,Barmer-II,400.0,,EL-E2AA3,"EL-14747, EL-AD084, EL-98E67, EL-F9AF9, EL-AE2D7, EL-3B268, EL-92100, EL-E191F, EL-3F9F2",1000.0,,,,,31.12.2029,No,,,,,,,,
12.04.2024,JSW Neo Energy Limited,SJVN LOA,01.09.2025,2200000706,,33.0,05.08.2024,Rajasthan,NR,Generator,700.0,Solar,700.0,,,,,Granted,Ramgarh-II,400.0,,EL-7782E,"EL-3DDDE, EL-3BFE1, EL-6ACC9, EL-DB586, EL-11BD7, EL-A1D4E, EL-6EB09, EL-141F6, EL-A6B97",700.0,,,,,31.03.2030,No,,,,,,,,
12.04.2024,JSW Neo Energy Limited,SJVN LOA,01.03.2027,2200000689,,33.0,05.08.2024,Rajasthan,NR,Generator,700.0,Solar,700.0,,,,,Granted,Ramgarh-II,400.0,,EL-36700,"EL-3DDDE, EL-3BFE1, EL-6ACC9, EL-DB586, EL-11BD7, EL-A1D4E, EL-6EB09, EL-141F6, EL-A6B97",700.0,,,,,31.03.2030,No,,,,,,,,
15.04.2024,Amaresha Renawables India Project Private Limited,Land BG Route,01.04.2027,2200000715,,33.0,05.08.2024,Rajasthan,NR,Renewable Power Park Developer,300.0,Solar,300.0,,,,,Granted,Barmer-II,220.0,,EL-E67AA,"EL-14747, EL-AD084, EL-98E67, EL-F9AF9, EL-AE2D7, EL-3B268, EL-92100, EL-E191F, EL-3F9F2",300.0,,,,,31.12.2029,No,,,,,,,,
23.04.2024,NTPC Renewable Energy Limited,Land Route,31.12.2026,2200000726,,33.0,05.08.2024,Rajasthan,NR,Generator,1000.0,Solar,1000.0,,,,,Granted,Bikaner-V,400.0,,EL-8A87E,"EL-D9A07, EL-85255, EL-26318, EL-326E0, EL-BDCD9, EL-23675, EL-75F9E, EL-745F8, EL-37199, EL-A331D, EL-207DF",1000.0,,,,,31.03.2030,No,,,,,,,,
25.04.2024,Juniper Green Energy Private Limited,NTPC LOA,30.06.2026,2200000756,,33.0,05.08.2024,Rajasthan,NR,Generator,360.0,Hybrid,,,,,,Granted,Ramgarh-II,220.0,,EL-AA42F,"EL-3DDDE, EL-3BFE1, EL-6ACC9, EL-DB586, EL-11BD7, EL-A1D4E, EL-6EB09, EL-141F6, EL-A6B97",360.0,,,,,31.03.2030,No,360.0,,,,,,,
25.04.2024,Vayuna Renewables India Project Private Limited,Land BG,01.04.2027,2200000758,,33.0,05.08.2024,Rajasthan,NR,Renewable Power Park Developer,300.0,Solar,300.0,,,,,Granted,Sirohi-I,220.0,,EL-47D10,"EL-C16AF, EL-26050, EL-0B6FA, EL-0D0CA, EL-7AF76, EL-544F8, EL-8F19A, EL-AE31B, EL-18361, EL-A83CD, EL-417DD, EL-32FE8, EL-A495D, EL-74937, EL-B6BDF, EL-C7A50, EL-3CE98",300.0,,,,,01.04.2027,No,,,,,,,,
25.04.2024,Kantida Renewables India Project Private Limited,Land BG Route,01.04.2028,2200000761,,33.0,05.08.2024,Rajasthan,NR,Renewable Power Park Developer,300.0,Solar,300.0,,,,,Granted,Bhadla-IV,400.0,,EL-9AF8D,"EL-5A0ED, EL-9267B, EL-26318, EL-CE849, EL-2B272, EL-A4C5F, EL-6DFEE, EL-65D44, EL-7BBDE",300.0,,,,,31.03.2030,No,,,,,,,,
26.04.2024,Izhma Solar Private Limited,Land BG Route,31.03.2028,2200000743,,33.0,05.08.2024,Rajasthan,NR,Generator,200.0,Solar,200.0,,,,,Granted,Sirohi-I,220.0,,EL-5A444,"EL-C16AF, EL-26050, EL-0B6FA, EL-0D0CA, EL-7AF76, EL-544F8, EL-8F19A, EL-AE31B, EL-18361, EL-A83CD, EL-417DD, EL-32FE8, EL-A495D, EL-74937, EL-B6BDF, EL-C7A50, EL-3CE98",200.0,,,,,31.03.2028,No,,,,,,,,
30.04.2024,Renew Solar Power Private Limited,NTPC LOA,30.06.2027,2200000777,,33.0,05.08.2024,Rajasthan,NR,Generator,400.0,Solar,400.0,,,,,Granted,Ramgarh-II,220.0,,EL-F8B67,"EL-3DDDE, EL-3BFE1, EL-6ACC9, EL-DB586, EL-11BD7, EL-A1D4E, EL-6EB09, EL-141F6, EL-A6B97",400.0,,,,,31.03.2030,No,,,,,,,,
30.04.2024,Renew Solar Power Private Limited,SECI LOA,31.12.2026,2200000778,,33.0,05.08.2024,Rajasthan,NR,Generator,300.0,Solar,300.0,,,,,Granted,Barmer-II,220.0,,EL-65D5C,"EL-14747, EL-AD084, EL-98E67, EL-F9AF9, EL-AE2D7, EL-3B268, EL-92100, EL-E191F, EL-3F9F2",300.0,,,,,31.12.2029,No,,,,,,,,
30.04.2024,Renew Solar Power Private Limited,NTPC LOA,30.06.2027,2200000779,,33.0,05.08.2024,Rajasthan,NR,Generator,300.0,Solar,300.0,,,,,Granted,Sirohi-I,400.0,,EL-6423F,"EL-C16AF, EL-26050, EL-0B6FA, EL-0D0CA, EL-7AF76, EL-544F8, EL-8F19A, EL-AE31B, EL-18361, EL-A83CD, EL-417DD, EL-32FE8, EL-A495D, EL-74937, EL-B6BDF, EL-C7A50, EL-3CE98",300.0,,,,,30.06.2027,No,,,,,,,,
04.05.2024,SA Renewable Infra Private Limited,Land Route,31.03.2026,2200000755,,33.0,05.08.2024,Rajasthan,NR,Generator,100.0,Solar,100.0,,,,,Granted,Bikaner-V,220.0,,"EL-12C20, EL-13D4F","EL-D9A07, EL-85255, EL-26318, EL-326E0, EL-BDCD9, EL-23675, EL-75F9E, EL-745F8, EL-37199, EL-A331D, EL-207DF",100.0,,,,,31.03.2030,No,,,,,,,,
06.05.2024,Vena Energy Vindhya Wind Power Private Limited,Land BG Route,01.10.2027,2200000796,,33.0,05.08.2024,Rajasthan,NR,Generator,300.0,Solar,300.0,,,,,Granted,Bikaner-V,220.0,,EL-D2426,"EL-D9A07, EL-85255, EL-26318, EL-326E0, EL-BDCD9, EL-23675, EL-75F9E, EL-745F8, EL-37199, EL-A331D, EL-207DF",300.0,,,,,31.03.2030,No,,,,,,,,
07.05.2024,ACME Solar Holdings Private Limited,Land BG Route,31.03.2027,2200000788,,33.0,05.08.2024,Rajasthan,NR,Generator,300.0,Solar,300.0,,,,,Applied,Sirohi-I,,,,,,,,,,,,,,,,,,,
10.05.2024,SAEL Industries Limited,Land BG Route,30.05.2026,2200000793,,33.0,05.08.2024,Rajasthan,NR,Generator,300.0,Solar,300.0,,,,,Applied,Sirohi-I,,,,,,,,,,,,,,,,,,,
10.05.2024,SAEL Industries Limited,Land BG Route,30.05.2026,2200000794,,33.0,05.08.2024,Rajasthan,NR,Generator,300.0,Solar,300.0,,,,,Applied,Sirohi-I,,,,,,,,,,,,,,,,,,,
10.05.2024,Adani Renewable Energy Holding Four Limited,SECI LOA,31.03.2025,2200000811,,33.0,05.08.2024,Rajasthan,NR,Generator,765.0,Solar,765.0,,,,,Granted,Bhadla-IV,400.0,,EL-72545,"EL-5A0ED, EL-9267B, EL-26318, EL-CE849, EL-2B272, EL-A4C5F, EL-6DFEE, EL-65D44, EL-7BBDE",765.0,,,,,31.03.2030,No,,,,,,,,
10.05.2024,Adani Renewable Energy Holding Four Limited,SECI LOA,31.03.2025,2200000810,,33.0,05.08.2024,Rajasthan,NR,Generator,717.0,Solar,717.0,,,,,Granted,Barmer-II,400.0,,EL-2FEF3,"EL-14747, EL-AD084, EL-98E67, EL-F9AF9, EL-AE2D7, EL-3B268, EL-92100, EL-E191F, EL-3F9F2",717.0,,,,,31.12.2029,No,,,,,,,,
12.05.2024,RJS Renewables Private Limited,Land Route,20.04.2028,2200000782,,33.0,05.08.2024,Rajasthan,NR,Generator,150.0,Wind,,150.0,,,,Granted,Ramgarh-II,220.0,,EL-10FC4,"EL-3DDDE, EL-3BFE1, EL-6ACC9, EL-DB586, EL-11BD7, EL-A1D4E, EL-6EB09, EL-141F6, EL-A6B97",150.0,,,,,31.03.2030,No,,,,,,,,
13.05.2024,JSW Neo Energy Limited,NTPC LOA,01.05.2027,2200000797,,33.0,05.08.2024,Rajasthan,NR,Generator,700.0,Solar,700.0,,,,,Granted,Ramgarh-II,400.0,,EL-36700,"EL-3DDDE, EL-3BFE1, EL-6ACC9, EL-DB586, EL-11BD7, EL-A1D4E, EL-6EB09, EL-141F6, EL-A6B97",700.0,,,,,31.03.2030,No,,,,,,,,
14.05.2024,Green Infra Wind Energy Private Limited,Land BG Route,31.05.2027,2200000812,,33.0,05.08.2024,Rajasthan,NR,Generator,300.0,Solar,300.0,,,,,Applied,Nagaur-I,,,,,,,,,,,,,,,,,,,
14.05.2024,Green Infra Wind Energy Private Limited,Land BG Route,31.05.2027,2200000813,,33.0,05.08.2024,Rajasthan,NR,Generator,300.0,Solar,300.0,,,,,Granted,Merta-II,220.0,,EL-9FD2A,"EL-50132, EL-D7C90, EL-F4EEC, EL-80081, EL-90C55, EL-C99C8, EL-82F00, EL-6F66E, EL-B6BDF, EL-C7A50",300.0,,,,,31.05.2027,No,,,,,,,,
18.05.2024,Banyan Energy Private Limited,Land BG Route,30.06.2026,2200000823,,33.0,05.08.2024,Rajasthan,NR,Generator,300.0,Solar,300.0,,,,,Granted,Merta-II,220.0,,EL-E5409,"EL-50132, EL-D7C90, EL-F4EEC, EL-80081, EL-90C55, EL-C99C8, EL-82F00, EL-6F66E, EL-B6BDF, EL-C7A50",300.0,,,,,31.03.2027,No,,,,,,,,
20.05.2024,Amplus Centaur Solar Private Limited,Land BG Route,30.04.2027,2200000827,,33.0,05.08.2024,Rajasthan,NR,Generator,350.0,Solar,350.0,,,,,Applied,Sirohi-I,,,,,,,,,,,,,,,,,,,
21.05.2024,Adani Renewable Energy Two Limited,Land Route,31.03.2025,2200000807,,33.0,05.08.2024,Rajasthan,NR,Generator (Wind,600.0,Wind,,600.0,,,,Granted,Barmer-II,400.0,,,EL-E1797,600.0,,,,,31.12.2029,No,,,,,,,,
21.05.2024,Adani Renewable Energy Two Limited,Land Route,31.03.2025,2200000809,,33.0,05.08.2024,Rajasthan,NR,Generator,595.0,Wind,,595.0,,,,Granted,Barmer-II,400.0,,EL-2FEF3,"EL-14747, EL-AD084, EL-98E67, EL-F9AF9, EL-AE2D7, EL-3B268, EL-92100, EL-E191F, EL-3F9F2",595.0,,,,,31.12.2029,No,,,,,,,,
25.05.2024,Acme Solar Holdings Private Limited,Land BG Route,31.03.2027,2200000840,,33.0,05.08.2024,Rajasthan,NR,Generator,300.0,Solar,300.0,,,,,Granted,Merta-II,220.0,,EL-9D5D3,"EL-50132, EL-D7C90, EL-F4EEC, EL-80081, EL-90C55, EL-C99C8, EL-82F00, EL-6F66E, EL-B6BDF, EL-C7A50",300.0,,,,,31.03.2027,No,,,,,,,,
25.05.2024,Purvah Green Power Private Limited,Land BG Route,01.06.2027,2200000842,,33.0,05.08.2024,Rajasthan,NR,Generator,300.0,Solar,300.0,,,,,Granted,Merta-II,220.0,,EL-FE938,"EL-50132, EL-D7C90, EL-F4EEC, EL-80081, EL-90C55, EL-C99C8, EL-82F00, EL-6F66E, EL-B6BDF, EL-C7A50",300.0,,,,,01.06.2027,No,,,,,,,,
25.05.2024,Hexa Climate Solutions Private Limited,Land BG Route,31.03.2027,2200000848,,33.0,05.08.2024,Rajasthan,NR,Generator,300.0,Solar+BESS,,,,,,Granted,Merta-II,220.0,,EL-10327,"EL-50132, EL-D7C90, EL-F4EEC, EL-80081, EL-90C55, EL-C99C8, EL-82F00, EL-6F66E, EL-B6BDF, EL-C7A50",300.0,,,,,31.03.2027,No,,,,,,,,
27.05.2024,Renew Solar Power Private Limited,NTPC LOA,30.11.2026,2200000850,,33.0,05.08.2024,Rajasthan,NR,Generator,300.0,Solar,300.0,,,,,Granted,Jalore-I,400.0,,EL-8ACC2,"EL-A5BEB, EL-48EFF, EL-7E7E2, EL-35A84, EL-90D75, EL-73A05, EL-A1D4E, EL-0FE43, EL-141F6, EL-77D24",300.0,,,,,30.06.2030,No,,,,,,,,
27.05.2024,Hexa Climate Solutions Private Limited,Land BG Route,30.06.2025,2200000854,,33.0,05.08.2024,Rajasthan,NR,Generator,50.0,Solar+BESS,,,,,,Granted,Bikaner-I,400.0,,"EL-894BD, EL-BE974, EL-12818","EL-B075D, EL-D92F2, EL-C2590, EL-91E7F, EL-E8A1F, EL-95D93, EL-2453D, EL-EF0A0, EL-4535D, EL-92EB7, EL-CBFD4, EL-80EC9, EL-5DAFB, EL-8F19A, EL-B6BDF, EL-C7A50",50.0,,,,,31.03.2027,No,,,,,,,,
28.05.2024,Serentica Renewables India 11 Private Limited,NTPC LOA,31.12.2027,2200000856,,33.0,05.08.2024,Rajasthan,NR,Generator,250.0,Solar+BESS,,,,,,Granted,Barmer-II,220.0,,EL-F697A,"EL-14747, EL-AD084, EL-98E67, EL-F9AF9, EL-AE2D7, EL-3B268, EL-92100, EL-E191F, EL-3F9F2",250.0,,,,,31.12.2029,No,,,,,,,,
30.05.2024,Solarcraft Power India 8 Private Limited,LOA or PPA,29.06.2026,2200000866,,33.0,05.08.2024,Rajasthan,NR,Generator,300.0,Solar,300.0,,,,,Granted,Bikaner-V,220.0,,EL-023ED,"EL-D9A07, EL-85255, EL-26318, EL-326E0, EL-BDCD9, EL-23675, EL-75F9E, EL-745F8, EL-37199, EL-A331D, EL-207DF",300.0,,,,,31.03.2030,No,,,,,,,,
30.05.2024,Demeter Sun Power Private Limited,Land Route,31.12.2027,2200000875,,33.0,05.08.2024,Rajasthan,NR,Generator,300.0,Solar,300.0,,,,,Granted,Bhadla-IV,220.0,,EL-A6870,"EL-5A0ED, EL-9267B, EL-26318, EL-CE849, EL-2B272, EL-A4C5F, EL-6DFEE, EL-65D44, EL-7BBDE",300.0,,,,,31.03.2030,No,,,,,,,,
30.05.2024,Juniper Green Energy Private Limited,Land BG Route,31.12.2027,2200000879,,33.0,05.08.2024,Rajasthan,NR,Generator,300.0,Solar,300.0,,,,,Granted,Merta-II,220.0,,EL-4BF62,"EL-50132, EL-D7C90, EL-F4EEC, EL-80081, EL-90C55, EL-C99C8, EL-82F00, EL-6F66E, EL-B6BDF, EL-C7A50",300.0,,,,,31.12.2027,No,,,,,,,,
31.05.2024,Acme Solar Holdings Private Limited,Land BG Route,31.03.2027,2200000841,,33.0,05.08.2024,Rajasthan,NR,Generator,100.0,Solar,100.0,,,,,Applied,Nagaur (Merta-II),,,,,,,,,,,,,,,,,,,
31.05.2024,Serentica Renewables India Private Limited,Land BG Route,30.06.2026,2200000891,,33.0,05.08.2024,Rajasthan,NR,Generator,400.0,Solar,400.0,,,,,Applied,Rishabhdeo-I,,,,,,,,,,,,,,,,,,,
31.05.2024,Renew Solar Power Private Limited,Land BG Route,31.12.2027,2200000886,,33.0,05.08.2024,Rajasthan,NR,Generator,100.0,Solar,100.0,,,,,Applied,Jalore-I,,,,,,,,,,,,,,,,,,,
31.05.2024,Renew Solar Power Private Limited,Land BG Route,31.07.2027,2200000887,,33.0,05.08.2024,Rajasthan,NR,Generator,200.0,Solar,200.0,,,,,Applied,Jalore-I,,,,,,,,,,,,,,,,,,,
31.05.2024,Renew Solar Power Private Limited,Land BG Route,30.09.2027,2200000888,,33.0,05.08.2024,Rajasthan,NR,Generator,200.0,Solar,200.0,,,,,Applied,Jalore-I,,,,,,,,,,,,,,,,,,,
31.05.2024,Renew Solar Power Private Limited,Land BG Route,31.10.2027,2200000889,,33.0,05.08.2024,Rajasthan,NR,Generator,100.0,Solar,100.0,,,,,Applied,Jalore-I,,,,,,,,,,,,,,,,,,,
31.05.2024,Renew Solar Power Private Limited,Land BG Route,30.11.2027,2200000890,,33.0,05.08.2024,Rajasthan,NR,Generator,100.0,Solar,100.0,,,,,Granted,Jalore-I,400.0,,EL-B97CE,"EL-A5BEB, EL-48EFF, EL-7E7E2, EL-35A84, EL-90D75, EL-73A05, EL-A1D4E, EL-0FE43, EL-141F6, EL-77D24",100.0,,,,,30.06.2030,No,,,,,,,,
31.05.2024,Enren-III Energy Private Limited,Land BG Route,31.01.2027,2200000860,,33.0,05.08.2024,Rajasthan,NR,Generator,300.0,Solar,300.0,,,,,Applied,Nagaur Complex (Merta-II),,,,,,,,,,,,,,,,,,,
31.05.2024,Sindhari Solar Power Private Limited,Land BG Route,30.06.2027,2200000894,,33.0,05.08.2024,Rajasthan,NR,Renewable Power Park developer,300.0,Solar,300.0,,,,,Applied,Nagaur-I,,,,,,,,,,,,,,,,,,,
04.06.2024,Prespa Solar Private Limited,Land BG Route,31.12.2026,2200000832,,33.0,05.08.2024,Rajasthan,NR,Renewable Power Park developer,250.0,Solar,250.0,,,,,Applied,Nagaur Complex (Merta-II),,,,,,,,,,,,,,,,,,,
06.06.2024,Vismaya Four Renewables Private Limited,Land BG Route,01.04.2030,2200000910,,33.0,05.08.2024,Rajasthan,NR,Generator,250.0,Solar,250.0,,,,,Granted,Bhadla-IV,400.0,,EL-3276C,"EL-5A0ED, EL-9267B, EL-26318, EL-CE849, EL-2B272, EL-A4C5F, EL-6DFEE, EL-65D44, EL-7BBDE",250.0,,,,,01.04.2030,No,,,,,,,,
18.06.2024,Sunsure Solarpark RJ One Private Limited,Land BG Route,31.12.2027,2200000943,,33.0,05.08.2024,Rajasthan,NR,Generator,300.0,Solar,300.0,,,,,Granted,Jalore-I,220.0,,EL-5B6A8,"EL-A5BEB, EL-48EFF, EL-7E7E2, EL-35A84, EL-90D75, EL-73A05, EL-A1D4E, EL-0FE43, EL-141F6, EL-77D24",300.0,,,,,30.06.2030,No,,,,,,,,
19.06.2024,NTPC Renewable Energy Limited,Land Route,30.10.2026,2200000906,,33.0,05.08.2024,Rajasthan,NR,Generator,500.0,Solar,500.0,,,,,Granted,Barmer-II,400.0,,EL-2785C,"EL-14747, EL-AD084, EL-98E67, EL-F9AF9, EL-AE2D7, EL-3B268, EL-92100, EL-E191F, EL-3F9F2",500.0,,,,,30.06.2030,No,,,,,,,,
20.06.2024,HR Saraswati Energy Private Limited,Land BG Route,30.07.2027,2200000945,,33.0,05.08.2024,Rajasthan,NR,Generator,300.0,Solar,300.0,,,,,Withdrawn,Jalore-I,,,,,0.0,,,,,,,,,,,,,,
21.06.2024,Vismaya Five Renewables Private Limited,Land BG Route,31.10.2030,2200000954,,33.0,05.08.2024,Rajasthan,NR,Generator,250.0,Solar,250.0,,,,,Granted,Barmer-III,220.0,,EL-ED97C,"EL-226AA, EL-9AAB9, EL-2A125, EL-A1D4E, EL-CFCC2, EL-141F6",250.0,,,,,31.10.2030,No,,,,,,,,
21.06.2024,Acme Solar Holdings Private Limited,Land BG Route,31.03.2027,2200000955,,33.0,05.08.2024,Rajasthan,NR,Generator,500.0,Solar,500.0,,,,,Withdrawn,Jalore-I,,,,,0.0,,,,,,,,,,,,,,
22.06.2024,HR Saraswati Energy Private Limited,Land BG Route,30.06.2026,2200000946,,33.0,05.08.2024,Rajasthan,NR,Generator,300.0,Solar,300.0,,,,,Granted,Sanchore-I,220.0,,EL-724C2,"EL-A5BEB, EL-48EFF, EL-7E7E2, EL-05218, EL-73A05, EL-A1D4E, EL-0FE43, EL-141F6, EL-F7B5C",300.0,,,,,30.06.2030,No,,,,,,,,
24.06.2024,NTPC Renewable Energy Limited,Land Route,31.03.2027,2200000973,,33.0,05.08.2024,Rajasthan,NR,Generator,100.0,Solar,100.0,,,,,Granted,Barmer-III,220.0,,EL-D78BE,"EL-226AA, EL-9AAB9, EL-2A125, EL-A1D4E, EL-CFCC2, EL-141F6",100.0,,,,,30.06.2030,No,,,,,,,,
29.06.2024,Sprng Vaayu Urja Private Limited,Land BG Route,31.12.2029,2200001006,,33.0,05.08.2024,Rajasthan,NR,Renewable Power Park developer,600.0,Solar,600.0,,,,,Granted,Jalore-I,220.0,,EL-B6A41,"EL-A5BEB, EL-48EFF, EL-7E7E2, EL-35A84, EL-90D75, EL-73A05, EL-A1D4E, EL-0FE43, EL-141F6, EL-77D24",600.0,,,,,30.06.2030,No,,,,,,,,
15.11.2023,Sunflag Power Limited,LOA or PPA,25.09.2028,2200000357,,31.0,27.06.2024,Uttarakhand,NR,"Generating station, including REGS, without ESS",60.0,Hydro,,,60.0,,,Applied,Mori-I,,,,,,,,,,,,,,,,,,,
11.12.2023,NTPC Limited,-,01.03.2028,2200000400,,31.0,27.06.2024,Uttar Pradesh,NR,Generator,1600.0,Thermal,,,,,,Applied,VIndhyachal Pooling Station-I,,,,,,,,,,,,,,,,,,,
22.01.2024,Shree Cement Limited,-,31.03.2024,2200000494,,31.0,27.06.2024,Rajasthan,NR,Generator,44.0,Thermal,,,,,,Granted,At Shree Cement Generation Plant-I,400.0,,EL-2BDBE,"EL-97075, EL-2BDBE",44.0,,,,,30.09.2024,Yes,,,,,,,,
25.01.2024,Greenko UP01 IREP Private Limited,-,01.07.2027,2200000527,,31.0,27.06.2024,Uttar Pradesh,NR,Pumped Storage,672.0,PSP,,,,,,Granted,-,400.0,,EL-CF906,"EL-CF906, EL-73496, EL-EF788, EL-AAE2C, EL-DEDF4, EL-7C9B8, EL-A9AB8, EL-041C4, EL-FE4F8, EL-F339F",672.0,,,,,01.07.2027,No,,,,,610.0,672.0,,
05.02.2024,Greenko UP01 IREP Private Limited,-,16.12.2027,2200000529,,31.0,27.06.2024,Uttar Pradesh,NR,Pumped Storage,672.0,PSP,,,,,,Granted,,400.0,,EL-6CA5E,"EL-73496, EL-EF788, EL-AAE2C, EL-DEDF4, EL-7C9B8, EL-A9AB8, EL-041C4, EL-FE4F8, EL-3AD7A",672.0,,,,,16.12.2027,No,,,,,610.0,672.0,,
05.02.2024,Greenko UP01 IREP Private Limited,-,16.11.2026,2200000524,,31.0,27.06.2024,Uttar Pradesh,NR,Pumped Storage,672.0,PSP,,,,,,Granted,,400.0,,EL-6CA5E,"EL-73496, EL-EF788, EL-AAE2C, EL-DEDF4, EL-7C9B8, EL-A9AB8, EL-041C4, EL-FE4F8, EL-F339F",672.0,,,,,16.11.2026,No,,,,,610.0,672.0,,
05.02.2024,Greenko UP01 IREP Private Limited,-,01.02.2027,2200000525,,31.0,27.06.2024,Uttar Pradesh,NR,Pumped Storage,672.0,PSP,,,,,,Granted,,400.0,,EL-6CA5E,"EL-73496, EL-EF788, EL-AAE2C, EL-DEDF4, EL-7C9B8, EL-A9AB8, EL-041C4, EL-FE4F8, EL-F339F",672.0,,,,,01.02.2027,No,,,,,610.0,672.0,,
05.02.2024,Greenko UP01 IREP Private Limited,-,16.04.2027,2200000526,,31.0,27.06.2024,Uttar Pradesh,NR,Pumped Storage,672.0,PSP,,,,,,Granted,,400.0,,EL-6CA5E,"EL-73496, EL-EF788, EL-AAE2C, EL-DEDF4, EL-7C9B8, EL-A9AB8, EL-041C4, EL-FE4F8, EL-F339F",672.0,,,,,16.04.2027,No,,,,,610.0,672.0,,
05.02.2024,Greenko UP01 IREP Private Limited,-,16.04.2027,2200000528,,31.0,27.06.2024,Uttar Pradesh,NR,Pumped Storage,672.0,PSP,,,,,,Granted,,400.0,,EL-6CA5E,"EL-73496, EL-EF788, EL-AAE2C, EL-DEDF4, EL-7C9B8, EL-A9AB8, EL-041C4, EL-FE4F8, EL-F339F",672.0,,,,,16.04.2027,No,,,,,610.0,672.0,,
06.02.2024,Avaada Waterbattery Private Limited,-,31.03.2028,2200000553,,31.0,27.06.2024,Uttar Pradesh,NR,Pumped Storage,1120.0,PSP,,,,,,Granted,,400.0,,EL-6B87E,"EL-73496, EL-EF788, EL-AAE2C, EL-DEDF4, EL-7C9B8, EL-A9AB8, EL-23874, EL-FE4F8, EL-F339F",1120.0,,,,,31.12.2028,No,,,,,900.0,1120.0,,
06.02.2024,Chenab Valley Power Projects Private Limited,-,01.11.2025,2200000496,,31.0,27.06.2024,Jammu and Kashmir,NR,Generator,624.0,Hydro,,,624.0,,,Granted,Kishtwar Pooling Station-I,400.0,,"EL-3AE0E, EL-2BFBD, EL-90627, EL-0F136",EL-0B24F,624.0,,,,,31.12.2026,No,,,,,,,,
29.11.2023,Acme Cleantech Solutions Private Limited,Land BG route,31.03.2026,2200000387,,31.0,27.06.2024,Rajasthan,NR,Generator,600.0,Solar,600.0,,,,,Applied,Fatehgarh-II,,,,,,,,,,31.07.2026,,,,,,,,,
30.11.2023,Acme Cleantech Solutions Private Limited,LOA (SJVN),31.03.2026,2200000396,,31.0,27.06.2024,Rajasthan,NR,Generator,250.0,Hybrid,,,,,,Granted,Fatehgarh-II,400.0,,EL-3DE89,"EL-ADC60, EL-D94DF, EL-57AA1, EL-72AA1, EL-39439, EL-3877B, EL-1BF5F, EL-951CC, EL-8F19A",250.0,,,,,31.07.2026,No,250.0,,,,,,,
08.12.2023,Enfinity Global Surya Kiran Private Limited,Land Route,30.06.2026,2200000411,,31.0,27.06.2024,Rajasthan,NR,Renewable Power Park developer,300.0,Solar,300.0,,,,,Granted,Barmer-I,220.0,,EL-81053,"EL-AB6F6, EL-04FBF, EL-E0593, EL-C16AF, EL-9DE74, EL-26050, EL-4777E, EL-0D0CA, EL-7AF76, EL-DA901, EL-8F19A, EL-AE31B, EL-18361, EL-A83CD, EL-417DD, EL-32FE8, EL-A495D, EL-74937, EL-50132, EL-06311, EL-D0E44, EL-553D7, EL-D7C90, EL-F4EEC, EL-80081, EL-90C55, EL-C99C8, EL-F20FC, EL-6F66E",300.0,,,,,30.11.2026,No,,,,,,,,
08.12.2023,EG Mega Urja Private Limited (erstwhile Andhra Pradesh Resco Rooftop Solar Private Limited),Land Route,30.06.2026,2200000412,,31.0,27.06.2024,Rajasthan,NR,Renewable Power Park developer,300.0,Solar,300.0,,,,,Granted,Barmer-I,220.0,,EL-27C14,"EL-AB6F6, EL-04FBF, EL-E0593, EL-C16AF, EL-9DE74, EL-26050, EL-4777E, EL-0D0CA, EL-7AF76, EL-DA901, EL-8F19A, EL-AE31B, EL-18361, EL-A83CD, EL-417DD, EL-32FE8, EL-A495D, EL-74937, EL-50132, EL-06311, EL-D0E44, EL-553D7, EL-D7C90, EL-F4EEC, EL-80081, EL-90C55, EL-C99C8, EL-F20FC, EL-6F66E",300.0,,,,,30.11.2026,No,,,,,,,,
15.12.2023,SJVN Green Energy Limited,PPA PSPCL,13.02.2025,2200000423,,31.0,27.06.2024,Rajasthan,NR,Generator,1000.0,Solar,1000.0,,,,,Granted,Bays At Bikaner-IV,220.0,,EL-FE432,"EL-1713C, EL-FFEB8, EL-1990B, EL-A856A, EL-AC827, EL-CAA1E, EL-8F215, EL-C3D72, EL-81725, EL-95F93, EL-3535F, EL-4C59F, EL-8F19A, EL-32D0B",1000.0,,,,,30.09.2026,No,,,,,,,,
16.12.2023,Renew Solar (Shakti Six) Private Limited,Land Route,30.06.2026,2200000426,,31.0,27.06.2024,Rajasthan,NR,Generator,15.0,Solar,15.0,,,,,Applied,Bhadla-III,,,,,,,,,,,,,,,,,,,
17.12.2023,Green Infra Wind Energy Limited,LOA NHPC,01.06.2026,2200000436,,31.0,27.06.2024,Rajasthan,NR,Generator,300.0,Solar,300.0,,,,,Granted,Next-I,,,,,300.0,,,,,,,,,,,,,,
18.12.2023,Hinduja Renewables Energy Private Limited,LOA NHPC,07.03.2026,2200000425,,31.0,27.06.2024,Rajasthan,NR,Generator,250.0,Solar,250.0,,,,,Granted,Barmer-I,220.0,,EL-1DD32,"EL-AB6F6, EL-04FBF, EL-E0593, EL-C16AF, EL-9DE74, EL-26050, EL-4777E, EL-0D0CA, EL-7AF76, EL-DA901, EL-8F19A, EL-AE31B, EL-18361, EL-A83CD, EL-417DD, EL-32FE8, EL-A495D, EL-74937, EL-50132, EL-06311, EL-D0E44, EL-553D7, EL-D7C90, EL-F4EEC, EL-80081, EL-90C55, EL-C99C8, EL-F20FC, EL-6F66E",250.0,,,,,30.11.2026,No,,,,,,,,
18.12.2023,Green Infra Clean Wind Limited,Land Route,01.06.2027,2200000437,,31.0,27.06.2024,Rajasthan,NR,Generator,300.0,Solar,300.0,,,,,Granted,Bhadla-II,400.0,,"EL-AE35C, EL-D9DCD","EL-94DEC, EL-80AE9, EL-57AA1, EL-72AA1, EL-39439, EL-3877B, EL-00650, EL-8F19A",300.0,,,,,01.06.2027,No,,,,,,,,
18.12.2023,Green Infra Clean Solar Farms Limited,Land Route,01-06-2027,2200000408,,31.0,27.06.2024,Rajasthan,NR,Generator,130.0,Solar,130.0,,,,,Granted,Barmer-I,220.0,,EL-B9274,"EL-14747, EL-AD084, EL-F9AF9, EL-AE2D7, EL-3B268, EL-92100, EL-E191F, EL-3F9F2",130.0,,,,,31.12.2029,No,,,,,,,,
19.12.2023,Green Infra Renewable Projects Limited,Land Route,01.06.2027,2200000410,,31.0,27.06.2024,Rajasthan,NR,Generator,683.0,Solar,683.0,,,,,Granted,Bays At Barmer-I,220.0,,EL-E4767,"EL-AB6F6, EL-04FBF, EL-E0593, EL-C16AF, EL-9DE74, EL-26050, EL-4777E, EL-0D0CA, EL-7AF76, EL-DA901, EL-8F19A, EL-AE31B, EL-18361, EL-A83CD, EL-417DD, EL-32FE8, EL-A495D, EL-74937, EL-50132, EL-06311, EL-D0E44, EL-553D7, EL-D7C90, EL-F4EEC, EL-80081, EL-90C55, EL-C99C8, EL-F20FC, EL-6F66E",683.0,,,,,01.06.2027,No,,,,,,,,
21.12.2023,Furies Solren Private Limited,Land BG Route,31.01.2026,2200000419,,31.0,27.06.2024,Rajasthan,NR,Generator,300.0,Solar,300.0,,,,,Granted,Bikaner-IV,220.0,,EL-09D53,"EL-1713C, EL-FFEB8, EL-1990B, EL-A856A, EL-AC827, EL-CAA1E, EL-8F215, EL-C3D72, EL-81725, EL-95F93, EL-3535F, EL-4C59F, EL-8F19A, EL-32D0B",300.0,,,,,30.09.2026,No,,,,,,,,
21.12.2023,Avaada Energy Private Limited,LOA NHPC,31.12.2025,2200000407,,31.0,27.06.2024,Rajasthan,NR,Generator,1000.0,Solar,1000.0,,,,,Granted,Bhadla-IV,220.0,,EL-F5E74,"EL-5A0ED, EL-9267B, EL-CE849, EL-2B272, EL-A4C5F, EL-6DFEE, EL-65D44, EL-7BBDE",1000.0,,,,,31.12.2028,No,,,,,,,,
22.12.2023,NTPC Renewable Energy Limited,Land Route,30.06.2026,2200000420,,31.0,27.06.2024,Rajasthan,NR,Generator,1000.0,Solar,1000.0,,,,,Granted,Bikaner-V,400.0,,EL-C5579,"EL-1713C, EL-FFEB8, EL-1990B, EL-A856A, EL-AC827, EL-CAA1E, EL-8F215, EL-C3D72, EL-81725, EL-95F93, EL-3535F, EL-4C59F, EL-8F19A, EL-32D0B",1000.0,,,,,30.09.2026,No,,,,,,,,
27.12.2023,Pravat Renewables India Project Private Limited,Land BG Route,01.05.2028,2200000452,,31.0,27.06.2024,Rajasthan,NR,Renewable Power Park developer,300.0,Solar,300.0,,,,,Granted,Ramgarh-I,220.0,,EL-2EE71,"EL-3CB80, EL-065D3, EL-31139, EL-CE816, EL-DD8DD, EL-BE37F, EL-90F2A, EL-B8CEB, EL-C2310, EL-CD00C, EL-547E5, EL-BBD19, EL-69266, EL-35C79",300.0,,,,,31.01.2029,No,,,,,,,,
29.12.2023,Apraava Energy Private Limited,LOA NHPC,31.03.2026,2200000459,,31.0,27.06.2024,Rajasthan,NR,Generator,250.0,Solar,250.0,,,,,Granted,Barmer-II,220.0,,EL-A0D4D,"EL-14747, EL-AD084, EL-F9AF9, EL-AE2D7, EL-3B268, EL-92100, EL-E191F, EL-3F9F2",250.0,,,,,31.12.2029,No,,,,,,,,
30.12.2023,Serentica Renewables India 11 Private Limited,Land BG Route,31.05.2026,2200000469,,31.0,27.06.2024,Rajasthan,NR,Generator,300.0,Solar,300.0,,,,,Applied,Barmer-I,,,,,,,,,,,,,,,,,,,
30.12.2023,Juniper Green Energy Private Limited,Land BG Route,30.09.2027,2200000482,,31.0,27.06.2024,Rajasthan,NR,Generator,200.0,Solar,200.0,,,,,Applied,Bikaner-III,,,,,,,,,,,,,,,,,,,
30.12.2023,Saurya Urja Company of Rajasthan Limited,Land BG Route,31.12.2025,2200000475,,31.0,27.06.2024,Rajasthan,NR,Renewable Power Park developer,400.0,Solar,400.0,,,,,Granted,Bikaner-V,220.0,,EL-56771,"EL-D9A07, EL-85255, EL-326E0, EL-BDCD9, EL-23675, EL-75F9E, EL-745F8, EL-37199, EL-905E4, EL-207DF",400.0,,,,,31.12.2029,No,,,,,,,,
31.12.2023,Juniper Green Energy Private Limited,Land BG Route,31.12.2027,2200000485,,31.0,27.06.2024,Rajasthan,NR,Generator,50.0,Solar,50.0,,,,,Applied,Fatehgarh-IV,,,,,,,,,,31.12.2027,,,,,,,,,
10.01.2024,Iraax International (OPC) Private Limited,Land Route,31.03.2026,2200000484,,31.0,27.06.2024,Rajasthan,NR,Generator,100.0,Solar,100.0,,,,,Granted,Bikaner-V,220.0,,EL-59A52,"EL-D9A07, EL-85255, EL-326E0, EL-BDCD9, EL-23675, EL-75F9E, EL-745F8, EL-37199, EL-905E4, EL-207DF",100.0,,,,,31.12.2029,No,,,,,,,,
11.01.2024,Juniper Green Energy Private Limited,NTPC LOA,31.03.2026,2200000495,,31.0,27.06.2024,Rajasthan,NR,Generator,230.0,Hybrid,150.0,80.0,,,True,Granted,Barmer-II,220.0,,EL-733B4,"EL-14747, EL-AD084, EL-F9AF9, EL-AE2D7, EL-3B268, EL-92100, EL-E191F, EL-3F9F2",230.0,,,,,31.12.2029,No,,,,,,,,
11.01.2024,Juniper Green Energy Private Limited,Land BG route,30.06.2028,2200000499,,31.0,27.06.2024,Rajasthan,NR,Generator,150.0,Solar,150.0,,,,,Granted,Ramgarh-I,220.0,,EL-6B099,"EL-3CB80, EL-065D3, EL-31139, EL-CE816, EL-DD8DD, EL-BE37F, EL-90F2A, EL-B8CEB, EL-C2310, EL-CD00C, EL-547E5, EL-BBD19, EL-69266, EL-35C79",150.0,,,,,31.12.2028,No,,,,,,,,
18.01.2024,Anboto Solar Private Limited,Land Route,30.11.2025,2200000492,,31.0,27.06.2024,Rajasthan,NR,Generator,50.0,Solar,50.0,,,,,Granted,Barmer-I,220.0,,EL-139DB,"EL-AB6F6, EL-04FBF, EL-E0593, EL-C16AF, EL-9DE74, EL-26050, EL-4777E, EL-0D0CA, EL-7AF76, EL-DA901, EL-8F19A, EL-AE31B, EL-18361, EL-A83CD, EL-417DD, EL-32FE8, EL-A495D, EL-74937, EL-50132, EL-06311, EL-D0E44, EL-553D7, EL-D7C90, EL-F4EEC, EL-80081, EL-90C55, EL-C99C8, EL-F20FC, EL-6F66E",50.0,,,,,30.11.2026,No,,,,,,,,
19.01.2024,Solalite Power Private Limited,NTPC LOA,31.03.2026,2200000507,,31.0,27.06.2024,Rajasthan,NR,Generator,250.0,Solar,250.0,,,,,Withdrawn,Barmer-II,,,,,0.0,,,,,,,,,,,,,,
25.01.2024,Renew Solar Power Private Limited,SECI LOA,30.09.2026,2200000516,,31.0,27.06.2024,Rajasthan,NR,Generator,300.0,Solar,300.0,,,,,Granted,Bhadla-IV,400.0,,,,300.0,,,,,,,,,,,,,,
25.01.2024,Renew Solar Power Private Limited,SJVN LOA,31.05.2026,2200000521,,31.0,27.06.2024,Rajasthan,NR,Generator with ESS,200.0,Solar,200.0,,,,,Granted,Bhadla-IV,400.0,,,,200.0,,,,,,,,,,,,,,
25.01.2024,Renew Solar Power Private Limited,SJVN LOA,31.05.2026,2200000522,,31.0,27.06.2024,Rajasthan,NR,Generator,300.0,Solar,300.0,,,,,Granted,Bhadla-IV,400.0,,,,300.0,,,,,,,,,,,,,,
25.01.2024,Sprng Renewable Resources Private Limited,Land BG route,30.06.2027,2200000531,,31.0,27.06.2024,Rajasthan,NR,Generator,200.0,Solar,200.0,,,,,Granted,Barmer-II,220.0,,EL-A1757,"EL-14747, EL-AD084, EL-F9AF9, EL-AE2D7, EL-3B268, EL-92100, EL-E191F, EL-3F9F2",200.0,,,,,31.12.2029,No,,,,,,,,
30.01.2024,Sprng Urja Private Limited,Land BG route,30.06.2029,2200000539,,31.0,27.06.2024,Rajasthan,NR,Generator,200.0,Solar,200.0,,,,,Granted,Barmer-II,220.0,,EL-A1757,"EL-14747, EL-AD084, EL-F9AF9, EL-AE2D7, EL-3B268, EL-92100, EL-E191F, EL-3F9F2",200.0,,,,,31.12.2029,No,,,,,,,,
30.01.2024,Green Infra Wind Energy Limited,SECI LOA,01.06.2027,2200000541,,31.0,27.06.2024,Rajasthan,NR,Generator,300.0,Solar,300.0,,,,,Granted,Barmer-II,220.0,,,,300.0,,,,,,,,,,,,,,
31.01.2024,Axis Energy Ventures India Private Limited,Land Route,30.06.2025,2200000510,,31.0,27.06.2024,Rajasthan,NR,Generator,320.0,Solar,320.0,,,,,Withdrawn,Fatehgarh-II,,,,,0.0,,,,,,,,,,,,,,
01.02.2024,CESC Ltd.,Land BG Route,01.02.2026,2200000518,,31.0,27.06.2024,Rajasthan,NR,Generator,300.0,Solar,300.0,,,,,Granted,Sirohi-I,220.0,,EL-E2C4A,"EL-C16AF, EL-3CE98, EL-26050, EL-0B6FA, EL-0D0CA, EL-7AF76, EL-544F8, EL-8F19A, EL-AE31B, EL-18361, EL-A83CD, EL-417DD, EL-32FE8, EL-A495D, EL-74937, EL-B6BDF, EL-C7A50",300.0,,,,,31.03.2027,No,,,,,,,,
05.02.2024,Juniper Green Energy Private Limited,Land BG Route,31.12.2028,2200000550,,31.0,27.06.2024,Rajasthan,NR,Generator,150.0,Solar,150.0,,,,,Granted,Ramgarh-I,220.0,,EL-6B099,"EL-3CB80, EL-065D3, EL-31139, EL-CE816, EL-DD8DD, EL-BE37F, EL-90F2A, EL-B8CEB, EL-C2310, EL-CD00C, EL-547E5, EL-BBD19, EL-69266, EL-35C79",150.0,,,,,31.12.2028,No,,,,,,,,
05.02.2024,Renew Solar Power Private Limited,NTPC LOA,01.08.2026,2200000551,,31.0,27.06.2024,Rajasthan,NR,Generator,400.0,Solar,400.0,,,,,Granted,Sirohi-I,220.0,,EL-9EFA0,"EL-C16AF, EL-3CE98, EL-26050, EL-0B6FA, EL-0D0CA, EL-7AF76, EL-544F8, EL-8F19A, EL-AE31B, EL-18361, EL-A83CD, EL-417DD, EL-32FE8, EL-A495D, EL-74937, EL-B6BDF, EL-C7A50",400.0,,,,,31.03.2027,No,,,,,,,,
08.02.2024,Iraax International (Opc) Private Limited,Land Route,31.03.2026,2200000540,,31.0,27.06.2024,Rajasthan,NR,Generator,150.0,Solar,150.0,,,,,Granted,Bikaner-V,220.0,,EL-59A52,"EL-D9A07, EL-85255, EL-326E0, EL-BDCD9, EL-23675, EL-75F9E, EL-745F8, EL-37199, EL-905E4, EL-207DF",150.0,,,,,31.12.2029,No,,,,,,,,
13.02.2024,Avaada RJBikaner Private Limited,Land Route,31.03.2025,2200000561,,31.0,27.06.2024,Rajasthan,NR,Generator,136.0,Solar,136.0,,,,,Granted,Bikaner-V,220.0,,EL-91598,"EL-D9A07, EL-85255, EL-326E0, EL-BDCD9, EL-23675, EL-75F9E, EL-745F8, EL-37199, EL-905E4, EL-207DF",136.0,,,,,31.12.2029,No,,,,,,,,
15.02.2024,NTPC Renewable Energy Limited,SECI LOA,16.04.2026,2200000564,,31.0,27.06.2024,Rajasthan,NR,Generator,200.0,Solar,200.0,,,,,Granted,Based On Total Connectivity Quantum At Barmer-II,220.0,,,,200.0,,,,,,,,,,,,,,
01.03.2024,NTPC Renewable Energy Limited,Land Route,31.03.2026,2200000567,,31.0,27.06.2024,Rajasthan,NR,Generator,300.0,Solar,300.0,,,,,Applied,Fatehgarh-IV,,,,,,,,,,,,,,,,,,,
02.03.2024,Avaada Energy Private Limited,NTPC LOA,26.03.2026,2200000580,,31.0,27.06.2024,Rajasthan,NR,Generator,200.0,Solar,200.0,,,,,Applied,Barmer-I,,,,,,,,,,,,,,,,,,,
06.03.2024,Jade Hybren Private Limited,Land BG Route,30.06.2026,2200000616,,31.0,27.06.2024,Rajasthan,NR,Generator,300.0,Solar,300.0,,,,,Applied,Bikaner-IV,,,,,,,,,,,,,,,,,,,
06.03.2024,Migos Hybren Private Limited,Land BG Route,31.12.2026,2200000618,,31.0,27.06.2024,Rajasthan,NR,Generator,600.0,Solar,600.0,,,,,Applied,Ramgarh-I,,,,,,,,,,,,,,,,,,,
07.03.2024,Kyros Hybren Private Limited,Land BG Route,30.06.2025,2200000624,,31.0,27.06.2024,Rajasthan,NR,Generator,100.0,Solar,100.0,,,,,Applied,Bhadla-II,,,,,,,,,,,,,,,,,,,
07.03.2024,Aravalli Surya (Project 1) Private Limited,Land Route,31.12.2027,2200000605,,31.0,27.06.2024,Rajasthan,NR,Generator,335.0,Solar,335.0,,,,,Applied,Bhadla-II,,,,,,,,,,,,,,,,,,,
13.03.2024,Adani Renewable Energy Holding Four Limited,Land Route,15.06.2025,2200000598,,31.0,27.06.2024,Rajasthan,NR,Generator,500.0,Solar,500.0,,,,,Applied,Ramgarh-I,,,,,,,,,,,,,,,,,,,
13.03.2024,Adani Renewable Energy Holding Four Limited,Land Route,15.06.2025,2200000599,,31.0,27.06.2024,Rajasthan,NR,Generator,500.0,Solar,500.0,,,,,Applied,Ramgarh-I,,,,,,,,,,,,,,,,,,,
14.03.2024,Serentica Renewables India Private Limited,Land BG Route,30.06.2026,2200000644,,31.0,27.06.2024,Rajasthan,NR,Generator,300.0,Solar,300.0,,,,,Applied,Sirohi-I,,,,,,,,,,,,,,,,,,,
14.03.2024,Adani Renewable Energy Park Rajasthan Limited,Land Route,15.06.2025,2200000600,,31.0,27.06.2024,Rajasthan,NR,Renewable Power Park developer,1000.0,Solar,1000.0,,,,,Applied,Ramgarh-I,,,,,,,,,,,,,,,,,,,
14.03.2024,Adani Renewable Energy Park Rajasthan Limited,Land Route,15.06.2025,2200000601,,31.0,27.06.2024,Rajasthan,NR,Renewable Power Park developer,1000.0,Solar,1000.0,,,,,Applied,Ramgarh-I,,,,,,,,,,,,,,,,,,,
15.03.2024,Illuminate Hybren Private Limited,Land BG Route,30.06.2026,2200000646,,31.0,27.06.2024,Rajasthan,NR,Generator,300.0,Solar,300.0,,,,,Applied,Sirohi-I,,,,,,,,,,,,,,,,,,,
19.03.2024,Avaada Energy,SJVN LOA,30.09.2026,2200000636,,31.0,27.06.2024,Rajasthan,NR,Generator,450.0,Solar,450.0,,,,,Applied,Barmer-I,,,,,,,,,,,,,,,,,,,
27.03.2024,Green Infra Wind Energy Limited,SJVN LOA,30.06.2027,2200000654,,31.0,27.06.2024,Rajasthan,NR,Generator,300.0,Solar,300.0,,,,,Applied,Barmer-I,,,,,,,,,,,,,,,,,,,
28.03.2024,Adani Renewable Energy Holding Four Limited,SECI LOA,01.10.2025,2200000661,,31.0,27.06.2024,Rajasthan,NR,Generator,250.0,Solar,250.0,,,,,Applied,Ramgarh-I,,,,,,,,,,,,,,,,,,,
28.03.2024,Adani Renewable Energy Holding Four Limited,SECI LOA,01.10.2026,2200000662,,31.0,27.06.2024,Rajasthan,NR,Generator,284.0,Solar,284.0,,,,,Applied,Ramgarh-I,,,,,,,,,,,,,,,,,,,
28.03.2024,Juniper Green Energy Private Limited,SJVN LOA,30.06.2026,2200000668,,31.0,27.06.2024,Rajasthan,NR,Generator,180.0,Hybrid,,,,,,Applied,Barmer-I,,,,,,,,,,,,180.0,,,,,,,
29.03.2024,Tata Power Renewable Energy Limited,Land BG Route,30.06.2028,2200000672,,31.0,27.06.2024,Rajasthan,NR,Generator,600.0,Solar,600.0,,,,,Applied,Ramgarh-I,,,,,,,,,,,,,,,,,,,
30.03.2024,Sprng Urja Private Limited,Land BG Route,30.06.2029,2200000681,,31.0,27.06.2024,Rajasthan,NR,Renewable Power Park developer,1000.0,Solar,1000.0,,,,,Applied,Barmer-I,,,,,,,,,,,,,,,,,,,
12.04.2024,JSW Neo Energy Limited,SJVN LOA,01.09.2025,2200000706,,31.0,27.06.2024,Rajasthan,NR,Generator,700.0,Solar,700.0,,,,,Applied,Ramgarh-I,,,,,,,,,,,,,,,,,,,
12.04.2024,JSW Neo Energy Limited,SJVN LOA,01.03.2027,2200000689,,31.0,27.06.2024,Rajasthan,NR,Generator,700.0,Solar,700.0,,,,,Applied,Ramgarh-I,,,,,,,,,,,,,,,,,,,
15.04.2024,Amaresha Renawables India Project Private Limited,Land BG Route,01.04.2027,2200000715,,31.0,27.06.2024,Rajasthan,NR,Renewable Power Park Developer,300.0,Solar,300.0,,,,,Applied,Barmer-I,,,,,,,,,,,,,,,,,,,
23.04.2024,NTPC Renewable Energy Limited,Land Route,31.12.2026,2200000726,,31.0,27.06.2024,Rajasthan,NR,Generator,1000.0,Solar,1000.0,,,,,Applied,Bikaner-IV,,,,,,,,,,,,,,,,,,,
25.04.2024,Juniper Green Energy Private Limited,NTPC LOA,30.06.2026,2200000756,,31.0,27.06.2024,Rajasthan,NR,Generator,360.0,Hybrid,,,,,,Applied,Ramgarh-I,,,,,,,,,,,,360.0,,,,,,,
25.04.2024,Vayuna Renewables India Project Private Limited,Land BG,01.04.2027,2200000758,,31.0,27.06.2024,Rajasthan,NR,Renewable Power Park Developer,300.0,Solar,300.0,,,,,Applied,Sirohi-I,,,,,,,,,,,,,,,,,,,
25.04.2024,Kantida Renewables India Project Private Limited,Land BG Route,01.04.2028,2200000761,,31.0,27.06.2024,Rajasthan,NR,Renewable Power Park Developer,300.0,Solar,300.0,,,,,Applied,Bhadla-IV,,,,,,,,,,,,,,,,,,,
26.04.2024,Izhma Solar Private Limited,Land BG Route,31.03.2028,2200000743,,31.0,27.06.2024,Rajasthan,NR,Generator,200.0,Solar,200.0,,,,,Applied,Sirohi-I,,,,,,,,,,,,,,,,,,,
30.04.2024,Renew Solar Power Private Limited,NTPC LOA,30.06.2027,2200000777,,31.0,27.06.2024,Rajasthan,NR,Generator,400.0,Solar,400.0,,,,,Applied,Ramgarh-I,,,,,,,,,,,,,,,,,,,
30.04.2024,Renew Solar Power Private Limited,SECI LOA,31.12.2026,2200000778,,31.0,27.06.2024,Rajasthan,NR,Generator,300.0,Solar,300.0,,,,,Applied,Barmer-I,,,,,,,,,,,,,,,,,,,
30.04.2024,Renew Solar Power Private Limited,NTPC LOA,30.06.2027,2200000779,,31.0,27.06.2024,Rajasthan,NR,Generator,300.0,Solar,300.0,,,,,Applied,Sirohi-I,,,,,,,,,,,,,,,,,,,
04.05.2024,SA Renewable Infra Private Limited,Land Route,31.03.2026,2200000755,,31.0,27.06.2024,Rajasthan,NR,Generator,100.0,Solar,100.0,,,,,Applied,Bikaner-III,,,,,,,,,,,,,,,,,,,
06.05.2024,Vena Energy Vindhya Wind Power Private Limited,Land BG Route,01.10.2027,2200000796,,31.0,27.06.2024,Rajasthan,NR,Generator,300.0,Solar,300.0,,,,,Applied,Bikaner-IV,,,,,,,,,,,,,,,,,,,
07.05.2024,ACME Solar Holdings Private Limited,Land BG Route,31.03.2027,2200000788,,31.0,27.06.2024,Rajasthan,NR,Generator,300.0,Solar,300.0,,,,,Applied,Sirohi-I,,,,,,,,,,,,,,,,,,,
10.05.2024,SAEL Industries Limited,Land BG Route,30.05.2026,2200000793,,31.0,27.06.2024,Rajasthan,NR,Generator,300.0,Solar,300.0,,,,,Applied,Sirohi-I,,,,,,,,,,,,,,,,,,,
10.05.2024,SAEL Industries Limited,Land BG Route,30.05.2026,2200000794,,31.0,27.06.2024,Rajasthan,NR,Generator,300.0,Solar,300.0,,,,,Applied,Sirohi-I,,,,,,,,,,,,,,,,,,,
10.05.2024,Adani Renewable Energy Holding Four Limited,SECI LOA,31.03.2025,2200000811,,31.0,27.06.2024,Rajasthan,NR,Generator,765.0,Solar,765.0,,,,,Applied,Bhadla-II,,,,,,,,,,,,,,,,,,,
10.05.2024,Adani Renewable Energy Holding Four Limited,SECI LOA,31.03.2025,2200000810,,31.0,27.06.2024,Rajasthan,NR,Generator,717.0,Solar,717.0,,,,,Applied,Fatehgarh-III,,,,,,,,,,,,,,,,,,,
12.05.2024,RJS Renewables Private Limited,Land Route,20.04.2028,2200000782,,31.0,27.06.2024,Rajasthan,NR,Generator,150.0,Wind,,150.0,,,,Applied,Ramgarh-I,,,,,,,,,,,,,,,,,,,
13.05.2024,JSW Neo Energy Limited,NTPC LOA,01.05.2027,2200000797,,31.0,27.06.2024,Rajasthan,NR,Generator,700.0,Solar,700.0,,,,,Applied,Ramgarh-I,,,,,,,,,,,,,,,,,,,
14.05.2024,Green Infra Wind Energy Private Limited,Land BG Route,31.05.2027,2200000812,,31.0,27.06.2024,Rajasthan,NR,Generator,300.0,Solar,300.0,,,,,Applied,Nagaur-I,,,,,,,,,,,,,,,,,,,
14.05.2024,Green Infra Wind Energy Private Limited,Land BG Route,31.05.2027,2200000813,,31.0,27.06.2024,Rajasthan,NR,Generator,300.0,Solar,300.0,,,,,Applied,Nagaur-I,,,,,,,,,,,,,,,,,,,
18.05.2024,Banyan Energy Private Limited,Land BG Route,30.06.2026,2200000823,,31.0,27.06.2024,Rajasthan,NR,Generator,300.0,Solar,300.0,,,,,Applied,Merta-I,,,,,,,,,,,,,,,,,,,
20.05.2024,Amplus Centaur Solar Private Limited,Land BG Route,30.04.2027,2200000827,,31.0,27.06.2024,Rajasthan,NR,Generator,350.0,Solar,350.0,,,,,Applied,Sirohi-I,,,,,,,,,,,,,,,,,,,
21.05.2024,Adani Renewable Energy Two Limited,Land Route,31.03.2025,2200000807,,31.0,27.06.2024,Rajasthan,NR,Generator (Wind,600.0,Wind,,600.0,,,,Applied,Barmer-I,,,,,,,,,,,,,,,,,,,
21.05.2024,Adani Renewable Energy Two Limited,Land Route,31.03.2025,2200000809,,31.0,27.06.2024,Rajasthan,NR,Generator,595.0,Wind,,595.0,,,,Applied,Barmer-I,,,,,,,,,,,,,,,,,,,
25.05.2024,Acme Solar Holdings Private Limited,Land BG Route,31.03.2027,2200000840,,31.0,27.06.2024,Rajasthan,NR,Generator,300.0,Solar,300.0,,,,,Applied,Nagaur (Merta-II),,,,,,,,,,,,,,,,,,,
25.05.2024,Purvah Green Power Private Limited,Land BG Route,01.06.2027,2200000842,,31.0,27.06.2024,Rajasthan,NR,Generator,300.0,Solar,300.0,,,,,Applied,Nagaur-I,,,,,,,,,,,,,,,,,,,
25.05.2024,Hexa Climate Solutions Private Limited,Land BG Route,31.03.2027,2200000848,,31.0,27.06.2024,Rajasthan,NR,Generator,300.0,Solar+BESS,,,,,,Applied,Merta-II,,,,,,,,,,,,,,,,,,,
27.05.2024,Renew Solar Power Private Limited,NTPC LOA,30.11.2026,2200000850,,31.0,27.06.2024,Rajasthan,NR,Generator,300.0,Solar,300.0,,,,,Applied,Jalore-I,,,,,,,,,,,,,,,,,,,
27.05.2024,Hexa Climate Solutions Private Limited,Land BG Route,30.06.2025,2200000854,,31.0,27.06.2024,Rajasthan,NR,Generator,50.0,Solar+BESS,,,,,,Applied,Bikaner-I,,,,,,,,,,,,,,,,,,,
28.05.2024,Serentica Renewables India 11 Private Limited,NTPC LOA,31.12.2027,2200000856,,31.0,27.06.2024,Rajasthan,NR,Generator,250.0,Solar+BESS,,,,,,Applied,Barmer-I,,,,,,,,,,,,,,,,,,,
30.05.2024,Solarcraft Power India 8 Private Limited,LOA or PPA,29.06.2026,2200000866,,31.0,27.06.2024,Rajasthan,NR,Generator,300.0,Solar,300.0,,,,,Applied,Bikaner-I,,,,,,,,,,,,,,,,,,,
30.05.2024,Demeter Sun Power Private Limited,Land Route,31.12.2027,2200000875,,31.0,27.06.2024,Rajasthan,NR,Generator,300.0,Solar,300.0,,,,,Applied,Bhadla-IV,,,,,,,,,,,,,,,,,,,
30.05.2024,Juniper Green Energy Private Limited,Land BG Route,31.12.2027,2200000879,,31.0,27.06.2024,Rajasthan,NR,Generator,300.0,Solar,300.0,,,,,Applied,Merta-II,,,,,,,,,,,,,,,,,,,
31.05.2024,Acme Solar Holdings Private Limited,Land BG Route,31.03.2027,2200000841,,31.0,27.06.2024,Rajasthan,NR,Generator,100.0,Solar,100.0,,,,,Applied,Nagaur (Merta-II),,,,,,,,,,,,,,,,,,,
31.05.2024,Serentica Renewables India Private Limited,Land BG Route,30.06.2026,2200000891,,31.0,27.06.2024,Rajasthan,NR,Generator,400.0,Solar,400.0,,,,,Applied,Rishabhdeo-I,,,,,,,,,,,,,,,,,,,
31.05.2024,Renew Solar Power Private Limited,Land BG Route,31.12.2027,2200000886,,31.0,27.06.2024,Rajasthan,NR,Generator,100.0,Solar,100.0,,,,,Applied,Jalore-I,,,,,,,,,,,,,,,,,,,
31.05.2024,Renew Solar Power Private Limited,Land BG Route,31.07.2027,2200000887,,31.0,27.06.2024,Rajasthan,NR,Generator,200.0,Solar,200.0,,,,,Applied,Jalore-I,,,,,,,,,,,,,,,,,,,
31.05.2024,Renew Solar Power Private Limited,Land BG Route,30.09.2027,2200000888,,31.0,27.06.2024,Rajasthan,NR,Generator,200.0,Solar,200.0,,,,,Applied,Jalore-I,,,,,,,,,,,,,,,,,,,
31.05.2024,Renew Solar Power Private Limited,Land BG Route,31.10.2027,2200000889,,31.0,27.06.2024,Rajasthan,NR,Generator,100.0,Solar,100.0,,,,,Applied,Jalore-I,,,,,,,,,,,,,,,,,,,
31.05.2024,Renew Solar Power Private Limited,Land BG Route,30.11.2027,2200000890,,31.0,27.06.2024,Rajasthan,NR,Generator,100.0,Solar,100.0,,,,,Applied,Jalore-I,,,,,,,,,,,,,,,,,,,
31.05.2024,Enren-III Energy Private Limited,Land BG Route,31.01.2027,2200000860,,31.0,27.06.2024,Rajasthan,NR,Generator,300.0,Solar,300.0,,,,,Applied,Nagaur (Merta-II),,,,,,,,,,,,,,,,,,,
31.05.2024,Sindhari Solar Power Private Limited,Land BG Route,30.06.2027,2200000894,,31.0,27.06.2024,Rajasthan,NR,Renewable Power Park developer,300.0,Solar,300.0,,,,,Applied,Nagaur-I,,,,,,,,,,,,,,,,,,,
03.10.2023,Avaada RJbikaner Private Limited,Land Route,31.03.2025,2200000254,,27.0,10.01.2024,Rajasthan,NR,Generator,600.0,Solar,600.0,,,,,Applied,Bikaner-III,,,,,,,,,,,,,,,,,,,
05.10.2023,Renew Solar (Shakti Six) Private Limited,Land Route,30.06.2026,2200000275,,27.0,10.01.2024,Rajasthan,NR,Generator,400.0,Solar,400.0,,,,,Granted,Bhadla-III,400.0,,EL-74588,"EL-BDC29, EL-CE816, EL-90F2A, EL-B8CEB, EL-0A99D, EL-DD8DD, EL-BE37F, EL-547E5, EL-BBD19, EL-69266",400.0,,,,,01.09.2028,No,,,,,,,,
06.10.2023,Anboto Solar Private Limited,Land BG Route,30.11.2025,2200000281,,27.0,10.01.2024,Rajasthan,NR,Generator,250.0,Solar,250.0,,,,,Granted,Barmer-I,220.0,,EL-CFE69,"EL-04FBF, EL-ED937, EL-E0593, EL-C16AF, EL-9DE74, EL-26050, EL-0B6FA, EL-0D0CA, EL-7AF76, EL-DBCF2, EL-8F19A, EL-AE31B, EL-18361, EL-A83CD, EL-417DD, EL-32FE8, EL-A495D, EL-74937, EL-6B356, EL-06311, EL-D0E44, EL-553D7, EL-D7C90, EL-F4EEC, EL-80081, EL-90C55, EL-C99C8, EL-82F00, EL-6F66E",250.0,,,,,01.09.2026,No,,,,,,,,
06.10.2023,Malur Renewables Private Limited,Land Route,30.05.2025,2200000266,,27.0,10.01.2024,Rajasthan,NR,Renewable Power Park Developer,650.0,Solar,650.0,,,,,Granted,At Bhadla-III,400.0,,EL-C1D16,"EL-BDC29, EL-CE816, EL-90F2A, EL-B8CEB, EL-E1B3D, EL-DD8DD, EL-BE37F, EL-547E5, EL-BBD19, EL-69266",650.0,,,,,01.09.2028,No,,,,,,,,
08.10.2023,Solarcraft Power India 4 Private Limited,Land Route,16.06.2025,2200000300,,27.0,10.01.2024,Rajasthan,NR,Generator,50.0,Solar,50.0,,,,,Granted,Bhadla-III,220.0,,EL-039DF,"EL-09900, EL-97F77, EL-CE816, EL-90F2A, EL-B8CEB, EL-E1B3D, EL-DD8DD, EL-BE37F, EL-547E5, EL-BBD19, EL-69266",50.0,,,,,31.08.2028,No,,,,,,,,
11.10.2023,Juniper Green Energy Private Limited,Land BG Route,31.03.2027,2200000305,,27.0,10.01.2024,Rajasthan,NR,Generator,300.0,Solar,300.0,,,,,Granted,Barmer-I,220.0,,EL-8E167,"EL-38FD7, EL-04FBF, EL-E0593, EL-C16AF, EL-9DE74, EL-26050, EL-0B6FA, EL-0D0CA, EL-7AF76, EL-544F8, EL-8F19A, EL-AE31B, EL-18361, EL-A83CD, EL-417DD, EL-32FE8, EL-A495D, EL-74937, EL-6B356, EL-06311, EL-D0E44, EL-553D7, EL-D7C90, EL-F4EEC, EL-80081, EL-90C55, EL-C99C8, EL-82F00, EL-6F66E",300.0,,,,,31.03.2027,No,,,,,,,,
12.10.2023,Avaada Energy Private Limited,Land BG Route,30.11.2025,2200000289,,27.0,10.01.2024,Rajasthan,NR,Generator,300.0,Solar,300.0,,,,,Granted,Bikaner-IV,400.0,,EL-C91CC,"EL-BF006, EL-57324, EL-FFEB8, EL-1990B, EL-A856A, EL-AC827, EL-CAA1E, EL-8F215, EL-C3D72, EL-81725, EL-95F93, EL-3535F, EL-83858, EL-8F19A",300.0,,,,,01.09.2026,No,,,,,,,,
13.10.2023,Renew Solar (Shakti Six) Private Limited,Land Route,30.06.2026,2200000309,,27.0,10.01.2024,Rajasthan,NR,Generator,585.0,Solar,585.0,,,,,Granted,Bhadla-III,400.0,,EL-AA9CE,"EL-BDC29, EL-CE816, EL-90F2A, EL-B8CEB, EL-E1B3D, EL-DD8DD, EL-BE37F, EL-547E5, EL-BBD19, EL-69266",585.0,,,,,01.09.2028,No,,,,,,,,
13.10.2023,AK Renewable Infra Private Limited,Land Route,30.06.2025,2200000284,,27.0,10.01.2024,Rajasthan,NR,Generator,300.0,Solar,300.0,,,,,Granted,Bikaner-I (Bikaner (PG),400.0,,EL-62CF6,"EL-B075D, EL-D92F2, EL-C2590, EL-91E7F, EL-E8A1F, EL-05C8E, EL-2453D, EL-EF0A0, EL-4535D, EL-92EB7, EL-CBFD4, EL-80EC9, EL-5DAFB, EL-82E5F, EL-8F19A",300.0,,,,,01.03.2026,Yes,,,,,,,,
14.10.2023,Auxo Sunlight Private Limited,Land BG Route,30.09.2026,2200000312,,27.0,10.01.2024,Rajasthan,NR,Generator,300.0,Solar,300.0,,,,,Granted,Barmer-I,220.0,,EL-B3E52,"EL-244EB, EL-04FBF, EL-E0593, EL-C16AF, EL-9DE74, EL-26050, EL-0B6FA, EL-0D0CA, EL-7AF76, EL-544F8, EL-8F19A, EL-AE31B, EL-18361, EL-A83CD, EL-417DD, EL-EA9C1, EL-A495D, EL-74937, EL-6B356, EL-06311, EL-D0E44, EL-553D7, EL-D7C90, EL-F4EEC, EL-80081, EL-90C55, EL-C99C8, EL-82F00, EL-6F66E",300.0,,,,,30.09.2026,No,,,,,,,,
17.10.2023,Avaada Energy Private Limited,Land BG Route,30.09.2025,2200000290,,27.0,10.01.2024,Rajasthan,NR,Generator,250.0,Hybrid,,,,,,Granted,Barmer-I,220.0,,EL-31CD6,"EL-AB6F6, EL-04FBF, EL-E0593, EL-C16AF, EL-9DE74, EL-26050, EL-0B6FA, EL-0D0CA, EL-7AF76, EL-544F8, EL-8F19A, EL-AE31B, EL-18361, EL-A83CD, EL-6A951, EL-32FE8, EL-A495D, EL-74937, EL-6B356, EL-06311, EL-D0E44, EL-553D7, EL-D7C90, EL-F4EEC, EL-80081, EL-90C55, EL-C99C8, EL-82F00, EL-6F66E",250.0,,,,,01.09.2026,No,250.0,,,,,,,
17.10.2023,Renew Sun Power Private Limited,Land BG Route,30.09.2026,2200000316,,27.0,10.01.2024,Rajasthan,NR,Generator,300.0,Solar,300.0,,,,,Granted,Barmer-I,220.0,,EL-CAB21,"EL-AB6F6, EL-04FBF, EL-E0593, EL-C16AF, EL-9DE74, EL-26050, EL-0B6FA, EL-0D0CA, EL-7AF76, EL-544F8, EL-8F19A, EL-AE31B, EL-18361, EL-A83CD, EL-417DD, EL-32FE8, EL-F278C, EL-74937, EL-6B356, EL-06311, EL-D0E44, EL-553D7, EL-D7C90, EL-F4EEC, EL-80081, EL-90C55, EL-C99C8, EL-82F00, EL-6F66E",300.0,,,,,30.09.2026,No,,,,,,,,
20.10.2023,Hazel Hybren Private Limited,Land BG Route,31.01.2026,2200000327,,27.0,10.01.2024,Rajasthan,NR,Generator,300.0,Solar,300.0,,,,,Withdrawn,Ramgarh-I,,,,,0.0,,,,,,,,,,,,,,
21.10.2023,Shudh Solar Power Private Limited,Land Route,31.05.2025,2200000306,,27.0,10.01.2024,Rajasthan,NR,Generator,250.0,Solar,250.0,,,,,Granted,Bikaner-IV,220.0,,EL-84756,"EL-1713C, EL-FFEB8, EL-1990B, EL-A856A, EL-AC827, EL-CAA1E, EL-8F215, EL-C3D72, EL-E8A3E, EL-95F93, EL-3535F, EL-4C59F, EL-82E5F, EL-8F19A",250.0,,,,,01.09.2026,No,,,,,,,,
21.10.2023,NTPC Renewable Energy Limited,Land Route,31.03.2026,2200000308,,27.0,10.01.2024,Rajasthan,NR,Generator,700.0,Solar,700.0,,,,,Granted,Bikaner-IV,400.0,,EL-90BC8,"EL-57324, EL-FFEB8, EL-1990B, EL-A856A, EL-AC827, EL-CAA1E, EL-8F215, EL-C3D72, EL-81725, EL-95F93, EL-3535F, EL-4C59F, EL-82E5F, EL-8F19A",700.0,,,,,01.09.2026,No,,,,,,,,
23.10.2023,Hazel Hybren Private Limited,Land BG Route,31.01.2026,2200000334,,27.0,10.01.2024,Rajasthan,NR,Generator,300.0,Solar,300.0,,,,,Granted,Bikaner-IV,220.0,,EL-A6B39,"EL-5C94B, EL-1713C, EL-3A4DE, EL-1990B, EL-A856A, EL-AC827, EL-CAA1E, EL-8F215, EL-C3D72, EL-81725, EL-95F93, EL-3535F, EL-4C59F, EL-82E5F, EL-8F19A",300.0,,,,,01.09.2026,No,,,,,,,,
23.10.2023,AM Green Energy Private Limited,Land BG Route,31.05.2025,2200000319,,27.0,10.01.2024,Rajasthan,NR,Generator,300.0,Solar,300.0,,,,,Granted,Bikaner-IV,220.0,,EL-18207,"EL-1713C, EL-FFEB8, EL-1990B, EL-A856A, EL-AC827, EL-CAA1E, EL-8F215, EL-C3D72, EL-81725, EL-95F93, EL-988D2, EL-4C59F, EL-82E5F, EL-8F19A",300.0,,,,,01.09.2026,No,,,,,,,,
27.10.2023,Furies Solren Private Limited,Land BG Route,31.01.2026,2200000333,,27.0,10.01.2024,Rajasthan,NR,Generator,300.0,Solar,300.0,,,,,Granted,Bikaner-IV,220.0,,EL-FB49D,"EL-1A1E8, EL-1713C, EL-FFEB8, EL-1990B, EL-A856A, EL-AC827, EL-CAA1E, EL-8F215, EL-C3D72, EL-81725, EL-95F93, EL-3535F, EL-83858, EL-8F19A, EL-0B255",300.0,,,,,01.09.2026,No,,,,,,,,
31.10.2023,Gamma Renewables India Project One Private Limited,Land BG Route,01.06.2026,2200000355,,27.0,10.01.2024,Rajasthan,NR,Renewable Power Park Developer,300.0,Solar,300.0,,,,,Granted,Barmer-I,400.0,,EL-CC73C,"EL-AB6F6, EL-04FBF, EL-E0593, EL-C16AF, EL-9DE74, EL-26050, EL-0B6FA, EL-0D0CA, EL-7AF76, EL-544F8, EL-8F19A, EL-AE31B, EL-18361, EL-A83CD, EL-417DD, EL-32FE8, EL-A495D, EL-74937, EL-6B356, EL-06311, EL-D0E44, EL-553D7, EL-D7C90, EL-F4EEC, EL-80081, EL-90C55, EL-C99C8, EL-82F00, EL-6F66E",300.0,,,,,01.09.2026,No,,,,,,,,
09.11.2023,Iraax International (Opc) Private Limited,Land Route,31.03.2026,2200000343,,27.0,10.01.2024,Rajasthan,NR,Renewable Power Park developer,300.0,Solar,300.0,,,,,Granted,Bikaner-IV,220.0,,EL-63399,"EL-BE4F7, EL-1713C, EL-8B247, EL-1990B, EL-A856A, EL-AC827, EL-CAA1E, EL-8F215, EL-C3D72, EL-81725, EL-95F93, EL-3535F, EL-4C59F, EL-82E5F, EL-8F19A",300.0,,,,,01.09.2026,No,,,,,,,,
09.11.2023,NTPC Renewable Energy Limited,Land BG Route,31.03.2026,2200000348,,27.0,10.01.2024,Rajasthan,NR,Generator,900.0,Solar,900.0,,,,,Granted,Line Bay At Fatehgarh-IV,400.0,,EL-BA03C,"EL-4EA41, EL-04FBF, EL-C1BDA, EL-6EB5E, EL-E0593, EL-C16AF, EL-9DE74, EL-26050, EL-1677A, EL-0B6FA, EL-0D0CA, EL-7AF76, EL-544F8, EL-8F19A, EL-0B255, EL-AE31B, EL-18361, EL-A83CD, EL-417DD, EL-32FE8, EL-A495D, EL-74937, EL-6B356, EL-BE8DC, EL-06311, EL-D0E44, EL-553D7, EL-D7C90, EL-F4EEC, EL-80081, EL-90C55, EL-C99C8, EL-82F00, EL-682A8",900.0,,,,,01.09.2026,No,,,,,,,,
09.11.2023,Clean Max Gamma Private Limited,Land Route,28.06.2025,2200000344,,27.0,10.01.2024,Rajasthan,NR,Renewable Power Park developer,300.0,Solar,300.0,,,,,Granted,Bikaner-I,220.0,,EL-2ED08,"EL-1713C, EL-FFEB8, EL-1990B, EL-A856A, EL-AC827, EL-CAA1E, EL-8F215, EL-C3D72, EL-81725, EL-95F93, EL-3535F, EL-4C59F, EL-82E5F, EL-8F19A",300.0,,,,,01.09.2026,No,,,,,,,,
11.11.2023,Bundelkhand Saur Urja Limited,Land Route,02.10.2025,2200000345,,27.0,10.01.2024,Uttar Pradesh,NR,Renewable Power Park developer,1200.0,Solar,1200.0,,,,,Granted,Line Bay (Gis) At Orai,400.0,,EL-D8B0A,EL-92873,1200.0,,,,,31.12.2026,No,,,,,,,,
17.11.2023,NTPC Renewable Energy Limited,Land Route,31.03.2026,2200000373,,27.0,10.01.2024,Rajasthan,NR,Generator,400.0,Solar,400.0,,,,,Granted,Ntpcrel At Bikaner-IV,400.0,,EL-7C392,"EL-57324, EL-FFEB8, EL-1990B, EL-A856A, EL-AC827, EL-CAA1E, EL-8F215, EL-C3D72, EL-81725, EL-95F93, EL-3535F, EL-4C59F, EL-649B8, EL-8F19A",400.0,,,,,01.09.2026,No,,,,,,,,
17.11.2023,Prerak Solar Urja Private Limited,Land Route,31.05.2025,2200000360,,27.0,10.01.2024,Rajasthan,NR,Renewable Power Park developer,400.0,Solar,400.0,,,,,Granted,Line Bay At Bhadla-IV,220.0,,EL-BC27D,"EL-3FCFD, EL-8FDAD, EL-E8969, EL-F7FAC, EL-141A2, EL-10110, EL-B8CEB, EL-7ECBC",400.0,,,,,01.04.2029,No,,,,,,,,
22.11.2023,NTPC Renewable Energy Limited,Land Route,30.06.2026,2200000358,,27.0,10.01.2024,Rajasthan,NR,Generator,250.0,Solar,250.0,,,,,Granted,Ntpcrel At Bikaner-IV,400.0,,EL-BBDD5,"EL-57324, EL-FFEB8, EL-1990B, EL-A856A, EL-AC827, EL-CAA1E, EL-8F215, EL-C3D72, EL-81725, EL-95F93, EL-3535F, EL-4C59F, EL-82E5F, EL-8F19A",250.0,,,,,01.09.2026,No,,,,,,,,
29.11.2023,Acme Cleantech Solutions Private Limited,Land BG route,31.03.2026,2200000387,,27.0,10.01.2024,Rajasthan,NR,Generator,600.0,Solar,600.0,,,,,Applied,Fatehgarh-II,,,,,,,,,,,,,,,,,,,
30.11.2023,Acme Cleantech Solutions Private Limited,LOA (SJVN),31.03.2026,2200000396,,27.0,10.01.2024,Rajasthan,NR,Generator,250.0,Hybrid,,,,,,Applied,Fatehgarh-II,,,,,,,,,,,,250.0,,,,,,,
03.10.2023,Avaada RJbikaner Private Limited,Land Route,31.03.2025,2200000254,,26.0,01.12.2023,Rajasthan,NR,Generator,600.0,Solar,600.0,,,,,Applied,Bikaner-III,,,,,,,,,,,,,,,,,,,
05.10.2023,Renew Solar (Shakti Six) Private Limited,Land Route,30.06.2026,2200000275,,26.0,01.12.2023,Rajasthan,NR,Generator,400.0,Solar,400.0,,,,,Applied,Bhadla-III,,,,,,,,,,,,,,,,,,,
06.10.2023,Anboto Solar Private Limited,Land BG Route,30.11.2025,2200000281,,26.0,01.12.2023,Rajasthan,NR,Generator,250.0,Solar,250.0,,,,,Applied,Barmer-I,,,,,,,,,,,,,,,,,,,
06.10.2023,Malur Renewables Private Limited,Land Route,30.05.2025,2200000266,,26.0,01.12.2023,Rajasthan,NR,Renewable Power Park Developer,650.0,Solar,650.0,,,,,Applied,Bhadla-III,,,,,,,,,,,,,,,,,,,
08.10.2023,Solarcraft Power India 4 Private Limited,Land Route,16.06.2025,2200000300,,26.0,01.12.2023,Rajasthan,NR,Generator,50.0,Solar,50.0,,,,,Applied,Bhadla-III,,,,,,,,,,,,,,,,,,,
11.10.2023,Juniper Green Energy Private Limited,Land BG Route,31.03.2027,2200000305,,26.0,01.12.2023,Rajasthan,NR,Generator,300.0,Solar,300.0,,,,,Applied,Barmer-I,,,,,,,,,,,,,,,,,,,
12.10.2023,Avaada Energy Private Limited,Land BG Route,30.11.2025,2200000289,,26.0,01.12.2023,Rajasthan,NR,Generator,300.0,Solar,300.0,,,,,Applied,Bhadla-III,,,,,,,,,,,,,,,,,,,
13.10.2023,Renew Solar (Shakti Six) Private Limited,Land Route,30.06.2026,2200000309,,26.0,01.12.2023,Rajasthan,NR,Generator,585.0,Solar,585.0,,,,,Applied,Bhadla-III,,,,,,,,,,,,,,,,,,,
13.10.2023,AK Renewable Infra Private Limited,Land Route,30.06.2025,2200000284,,26.0,01.12.2023,Rajasthan,NR,Generator,300.0,Solar,300.0,,,,,Applied,Bikaner-I,,,,,,,,,,,,,,,,,,,
14.10.2023,Auxo Sunlight Private Limited,Land BG Route,30.09.2026,2200000312,,26.0,01.12.2023,Rajasthan,NR,Generator,300.0,Solar,300.0,,,,,Applied,Barmer-I,,,,,,,,,,,,,,,,,,,
17.10.2023,Avaada Energy Private Limited,Land BG Route,30.09.2025,2200000290,,26.0,01.12.2023,Rajasthan,NR,Generator,250.0,Hybrid,,,,,,Applied,Fatehgarh-IV,,,,,,,,,,,,250.0,,,,,,,
17.10.2023,Renew Sun Power Private Limited,Land BG Route,30.09.2026,2200000316,,26.0,01.12.2023,Rajasthan,NR,Generator,300.0,Solar,300.0,,,,,Applied,Barmer-I,,,,,,,,,,,,,,,,,,,
20.10.2023,Hazel Hybren Private Limited,Land BG Route,31.01.2026,2200000327,,26.0,01.12.2023,Rajasthan,NR,Generator,300.0,Solar,300.0,,,,,Applied,Ramgarh-I,,,,,,,,,,,,,,,,,,,
21.10.2023,Shudh Solar Power Private Limited,Land Route,31.05.2025,2200000306,,26.0,01.12.2023,Rajasthan,NR,Generator,250.0,Solar,250.0,,,,,Applied,Bikaner-III,,,,,,,,,,,,,,,,,,,
21.10.2023,NTPC Renewable Energy Limited,Land Route,31.03.2026,2200000308,,26.0,01.12.2023,Rajasthan,NR,Generator,700.0,Solar,700.0,,,,,Applied,Bikaner-III,,,,,,,,,,,,,,,,,,,
23.10.2023,Hazel Hybren Private Limited,Land BG Route,31.01.2026,2200000334,,26.0,01.12.2023,Rajasthan,NR,Generator,300.0,Solar,300.0,,,,,Applied,Bikaner-III,,,,,,,,,,,,,,,,,,,
23.10.2023,AM Green Energy Private Limited,Land BG Route,31.05.2025,2200000319,,26.0,01.12.2023,Rajasthan,NR,Generator,300.0,Solar,300.0,,,,,Applied,Bikaner-II,,,,,,,,,,,,,,,,,,,
27.10.2023,Furies Solren Private Limited,Land BG Route,31.01.2026,2200000333,,26.0,01.12.2023,Rajasthan,NR,Generator,300.0,Solar,300.0,,,,,Applied,Ramgarh-I,,,,,,,,,,,,,,,,,,,
31.10.2023,Gamma Renewables India Project One Private Limited,Land BG Route,01.06.2026,2200000355,,26.0,01.12.2023,Rajasthan,NR,Renewable Power Park Developer,300.0,Solar,300.0,,,,,Applied,Barmer-I,,,,,,,,,,,,,,,,,,,
18.07.2023,Solarcraft Power India 4 Private Limited,Land Route,16.06.2025,2200000152,,25.0,31.10.2023,Rajasthan,NR,Generator,150.0,Solar,150.0,,,,,Granted,Bhadla-III,220.0,,,"EL-CDD2B, EL-BDC29, EL-CE816, EL-90F2A, EL-B8CEB, EL-E1B3D, EL-DD8DD, EL-BE37F, EL-547E5, EL-BBD19, EL-69266",150.0,,,,,30.06.2028,No,,,,,,,,
02.08.2023,Renew Solar Power Private Limited,SECI LOA,30.06.2025,2200000186,,25.0,31.10.2023,Rajasthan,NR,Generator,300.0,Solar,300.0,,,,,Applied,Fatehgarh-IV,,,,,,,,,,,,,,,,,,,
02.08.2023,Renew Solar Power Private Limited,SECI LOA,30.06.2025,2200000187,,25.0,31.10.2023,Rajasthan,NR,Generator,300.0,Solar,300.0,,,,,Granted,Fatehgarh-IV,400.0,,EL-5C02D,"EL-923E9, EL-A63E4, EL-6EB5E, EL-C1084, EL-0B255, EL-C16AF, EL-5DC81, EL-26050, EL-19650, EL-E0593, EL-9DE74, EL-0B6FA, EL-0D0CA, EL-7AF76, EL-544F8, EL-AE31B, EL-18361, EL-A83CD, EL-32FE8, EL-417DD, EL-A495D, EL-8D20D",300.0,,,,,28.02.2026,Yes,,,,,,,,
02.08.2023,NTPC Renewable Energy Limited,REMCL LOA,28.06.2025,2200000179,,25.0,31.10.2023,Rajasthan,NR,Generator,500.0,Solar,500.0,,,,,Granted,Bikaner-IV,400.0,,EL-1627C,"EL-57324, EL-365F9, EL-6DFEE, EL-A1F2C, EL-D487C, EL-E2ECB, EL-16C93, EL-51E8F, EL-32392, EL-73F58, EL-82E5F, EL-8F19A",500.0,,,,,30.06.2026,No,,,,,,,,
11.08.2023,Eden Renewable Cadet Private Limited,SECI LOA,26.04.2025,2200000181,,25.0,31.10.2023,Rajasthan,NR,Generator,300.0,Solar,300.0,,,,,Granted,Barmer-I,220.0,,EL-64979,"EL-F1B66, EL-836ED, EL-E0593, EL-C16AF, EL-9DE74, EL-26050, EL-0B6FA, EL-0D0CA, EL-7AF76, EL-544F8, EL-8F19A, EL-AE31B, EL-18361, EL-A83CD, EL-EF09B, EL-417DD, EL-A495D, EL-74937",300.0,,,,,28.02.2026,Yes,,,,,,,,
11.08.2023,Deshraj Solar Energy Private Limited,Land Route,25.06.2025,2200000184,,25.0,31.10.2023,Rajasthan,NR,Generator,300.0,Solar,300.0,,,,,Granted,Bikaner-IV,220.0,,EL-A10F2,"EL-23514, EL-365F9, EL-6DFEE, EL-A1F2C, EL-D487C, EL-E2ECB, EL-16C93, EL-A475F, EL-32392, EL-73F58, EL-82E5F, EL-8F19A",300.0,,,,,30.06.2026,No,,,,,,,,
14.08.2023,Acme Heergarh Powertech Private Limited,Land Route,16.06.2025,2200000185,,25.0,31.10.2023,Rajasthan,NR,Generator,50.0,Solar,50.0,,,,,Withdrawn,Bhadla-III,,,,,0.0,,,,,30.06.2028,,,,,,,,,
16.08.2023,Solarcraft Power India 4 Private Limited,Land Route,16.06.2025,2200000192,,25.0,31.10.2023,Rajasthan,NR,Generator,110.0,Solar,110.0,,,,,Granted,Bhadla-III,220.0,,EL-8995D,"EL-F525F, EL-BDC29, EL-CE816, EL-90F2A, EL-B8CEB, EL-E1B3D, EL-DD8DD, EL-BE37F, EL-547E5, EL-BBD19, EL-69266",110.0,,,,,30.06.2028,No,,,,,,,,
23.08.2023,ACME Urja Two Private Limited,--,01.01.2027,2200000196,,25.0,31.10.2023,Uttar Pradesh,NR,Pumped Storage,600.0,PSP,,,,,,Granted,Varanasi-I,400.0,,"EL-250F9, EL-7BE5E","EL-250F9, EL-7BE5E",600.0,,,,,,,,,,,,,,
28.08.2023,Radiant Star Solar Park Private Limited,Land Route,31.12.2025,2200000212,,25.0,31.10.2023,Rajasthan,NR,Renewable Power Park Developer,100.0,Solar,100.0,,,,,Granted,Barmer-I,220.0,,EL-A7D91,"EL-836ED, EL-F1B66, EL-E0593, EL-C16AF, EL-9DE74, EL-26050, EL-0B6FA, EL-0D0CA, EL-7AF76, EL-544F8, EL-8F19A, EL-AE31B, EL-18361, EL-A83CD, EL-32FE8, EL-417DD, EL-A495D, EL-74937",100.0,,,,,28.02.2026,Yes,,,,,,,,
,AD Hydro HEP,,Immediately,,,24.0,20.09.2023,,NR,,192.0,,,,,,,Granted,Nallagarh (PG),220.0,,,,192.0,,,,,01.10.2023,Yes,,,,,,,,
,Prerak Greentech Solar Private Limited,,31-Jan-25,212100003,1671216520154,23.0,29.08.2023,Rajasthan,NR,,400.0,,,,,,,Granted,Bhadla-III,220.0,,EL-C567C,"EL-B3765, EL-BE37F, EL-DD8DD, EL-72AA1, EL-39439, EL-E4EB8, EL-1BF5F",400.0,,,,,"30-Sep-25 
(Interim)",,,,,,,,,
,Amplus Ages Private Limited,,31-Oct-23,1200003624,1671556542236,23.0,29.08.2023,Rajasthan,NR,,62.0,,,,,,,Granted,Bikaner-II,220.0,,"EL-28995, EL-101A7","EL-10D9C, EL-B075D, EL-E173B, EL-95D93, EL-C2590, EL-91E7F, EL-E8A1F, EL-2453D, EL-EF0A0, EL-4535D, EL-92EB7, EL-CBFD4, EL-4C95B, EL-08044, EL-EA661",62.0,,,,,08-Dec-24,,,,,,,,,
,Tepsol Sun Sparkle Private Limited,,01-Oct-25,212100030,1672319027575,23.0,29.08.2023,Rajasthan,NR,,300.0,,,,,,,Granted,Bhadla-III,220.0,,EL-1DCA8,"EL-6FD9F, EL-BE37F, EL-DD8DD, EL-72AA1, EL-39439, EL-E4EB8, EL-1BF5F",300.0,,,,,"01-Oct-25  
(Interim)",,,,,,,,,
,Juniper Green Stellar Private Limited,,30-Jun-25,1200003827,200003910,23.0,29.08.2023,,NR,,150.0,,,,,,,Granted,Fatehgarh-IV,400.0,,EL-C567C,"EL-B3765, EL-BE37F, EL-DD8DD, EL-72AA1, EL-39439, EL-E4EB8, EL-1BF5F",150.0,,,,,"30-Jun-25 
(Interim)",,,,,,,,,
,Juniper Green Stellar Private Limited,,"30-Jun-26 
(Revised to 31-
Mar-26)",1200003910,200003958,23.0,29.08.2023,,NR,,150.0,,,,,,,Granted,Fatehgarh-IV,400.0,,EL-C567C,"EL-B3765, EL-BE37F, EL-DD8DD, EL-72AA1, EL-39439, EL-E4EB8, EL-1BF5F",150.0,,,,,"31-Mar-26  
(Interim)",,,,,,,,,
,Juniper Green Beta Pvt Ltd,,30-Jun-25,212100027,412100012,23.0,29.08.2023,Rajasthan,NR,,150.0,,,,,,,Granted,Bhadla-III,220.0,,EL-7B912,"EL-81C54, EL-BE37F, EL-DD8DD, EL-72AA1, EL-39439, EL-E4EB8, EL-1BF5F",150.0,,,,,"30-Sep-25 
 (Interim)",,,,,,,,,
,Juniper Green Beta Pvt Ltd,,31-Dec-25,312100013,412100013,23.0,29.08.2023,Rajasthan,NR,,100.0,,,,,,,Granted,Bhadla-III,220.0,,EL-7B912,"EL-81C54, EL-BE37F, EL-DD8DD, EL-72AA1, EL-39439, EL-E4EB8, EL-1BF5F",100.0,,,,,"31-Dec-25 
(Interim)",,,,,,,,,
,Azure Power India Pvt. Ltd.,,,1200002814,1200003681,22.0,21.08.2023,,NR,,333.0,,,,,,,Withdrawn,Fatehgarh-III,,,,,0.0,,,,,,,,,,,,,,
,Azure Power India Pvt. Ltd.,,,1200002400,1200003677,22.0,21.08.2023,,NR,,500.0,,,,,,,Withdrawn,Fatehgarh-II,,,,,0.0,,,,,,,,,,,,,,
,Renew Surya Roshni Pvt. Ltd.,,,412100023,412100023,22.0,21.08.2023,,NR,,,,,,,,,Withdrawn,,,,,,0.0,,,,,,,,,,,,,,
,ReNew Surya Aayan Pvt. Ltd.,,,412100022,412100022,22.0,21.08.2023,,NR,,,,,,,,,Withdrawn,,,,,,0.0,,,,,,,,,,,,,,
,ReNew Surya Vihaan Pvt. Ltd.,,,412100021,412100021,22.0,21.08.2023,,NR,,,,,,,,,Withdrawn,,,,,,0.0,,,,,,,,,,,,,,
,Tata Power Trading Company Ltd. MTOA Application No. 0513600001,,,,,22.0,21.08.2023,,NR,,,,,,,,,Withdrawn,,,,,,0.0,,,,,,,,,,,,,,
,Sprng Nirjara Energy Pvt. Ltd.,,,312100011,312100011,22.0,21.08.2023,,NR,,50.0,,,,,,,Withdrawn,,,,,,0.0,,,,,,,,,,,,,,
,Sprng Nirjara Energy Pvt. Ltd.,,,1670102829414,,22.0,21.08.2023,,NR,,50.0,,,,,,,Withdrawn,,,,,,0.0,,,,,,,,,,,,,,
,Rajasthan Solar Park Development Company Ltd.,,,1200002151,1200000913,22.0,21.08.2023,,NR,,925.0,,,,,,,Granted,,,,,,925.0,,,,,01.10.2023,Yes,,,,,,,,
,Adani Renewable Energy Park Rajasthan Ltd,,,1200000287,1200003348,22.0,21.08.2023,,NR,,704.0,,,,,,,Granted,,,,,,704.0,,,,,01.10.2023,Yes,,,,,,,,
,Renew Surya Vihaan Pvt. Ltd.,,31.03.2022,1200002590,1200002567,22.0,21.08.2023,,NR,,200.0,,,,,,,Granted,Fatehgarh-III,220.0,,,,200.0,,,,,01.10.2023,Yes,,,,,,,,
,Altra Xergi Power Private Limited,,01/06/2022,1200002637,1200002639,22.0,21.08.2023,,NR,,380.0,,,,,,,Granted,Fatehgarh-III,220.0,,,,380.0,,,,,01.10.2023,Yes,,,,,,,,
,Adani Renewable Energy Holding Sixteen Pvt. Ltd.,,17.02.2022,1200002450,1200002656,22.0,21.08.2023,,NR,,180.0,,,,,,,Granted,Fatehgarh-II,220.0,,,,180.0,,,,,01.10.2023,Yes,,,,,,,,
,Adani Renewable Energy Holding Seventeen Private Limited,,01.06.2022,1200002635,1200002789,22.0,21.08.2023,,NR,,600.0,,,,,,,Granted,Fatehgarh-III,220.0,,,,600.0,,,,,01.10.2023,Yes,,,,,,,,
,Tata Power Green Energy Ltd.,,26.07.2023,1200002728,1200002804,22.0,21.08.2023,Rajasthan,NR,,225.0,,,,,,,Granted,Bikaner-I,220.0,,,,225.0,,,,,01.10.2023,Yes,,,,,,,,
,ReNew Surya Vihaan Private Limited,,30.07.2022,1200002695,1200002783,22.0,21.08.2023,,NR,,100.0,,,,,,,Granted,Fatehgarh-III,220.0,,,,100.0,,,,,01.10.2023,Yes,,,,,,,,
,ReNew Surya Aayan Private Limited,,30.07.2022,1200002692,1200002782,22.0,21.08.2023,,NR,,300.0,,,,,,,Granted,Fatehgarh-III,220.0,,,,300.0,,,,,01.10.2023,Yes,,,,,,,,
,Avikiran Surya India Private Limited,,26.07.2023,1200002642,1200002883,22.0,21.08.2023,Rajasthan,NR,,100.0,,,,,,,Granted,Bikaner-I,220.0,,,,100.0,,,,,01.10.2023,Yes,,,,,,,,
,Eden Renewable Passy Private Limited,,28/05/2022,1200002629,1200002890,22.0,21.08.2023,,NR,,300.0,,,,,,,Granted,Fatehgarh-II,220.0,,,,300.0,,,,,01.10.2023,Yes,,,,,,,,
,NTPC Ltd.,,29.07.2022,1200002339,1200002903,22.0,21.08.2023,,NR,,105.83,,,,,,,Granted,Fatehgarh-II,220.0,,,EL-4C6E2,105.83,,,,,01.10.2023,Yes,,,,,,,,
,NTPC Ltd.,,29/12/2021,1200002340,1200002904,22.0,21.08.2023,Rajasthan,NR,,176.375,,,,,,,Granted,Bhadla-II,400.0,,,,176.375,,,,,01.10.2023,Yes,,,,,,,,
,Avaada Energy Private Limited,,05/04/2022,1200002775,1200002941,22.0,21.08.2023,Rajasthan,NR,,240.0,,,,,,,Granted,Bikaner-I,,,,,240.0,,,,,01.10.2023,Yes,,,,,,,,
,Avaada Energy Pvt. Ltd.,,19/07/2022,1200002636,1200002962,22.0,21.08.2023,Rajasthan,NR,,320.0,,,,,,,Granted,Bhadla-II,220.0,,,,320.0,,,,,01.10.2023,Yes,,,,,,,,
,ABC Renewable Energy Pvt. Ltd.,,04/04/2022,1200002699,1200003096,22.0,21.08.2023,,NR,,400.0,,,,,,,Granted,Fatehgarh-III,220.0,,,,400.0,,,,,01.10.2023,Yes,,,,,,,,
,NTPC Ltd.,,28/05/2022,1200002501,1200003110,22.0,21.08.2023,Rajasthan,NR,,211.65,,,,,,,Granted,Bhadla-II,220.0,,,,211.65,,,,,01.10.2023,Yes,,,,,,,,
,NTPC Ltd.,,27/07/2022,1200002483,1200003109,22.0,21.08.2023,Rajasthan,NR,,211.65,,,,,,,Granted,Bhadla-II,400.0,,,,211.65,,,,,01.10.2023,Yes,,,,,,,,
,NTPC Ltd.,,01/09/2021,1200002483,1200003120,22.0,21.08.2023,Rajasthan,NR,,88.35,,,,,,,Granted,Bhadla-II,400.0,,,,88.35,,,,,01.10.2023,Yes,,,,,,,,
,NTPC Ltd.,,28/05/2022,1200002340,1200003122,22.0,21.08.2023,Rajasthan,NR,,73.625,,,,,,,Granted,Bhadla-II,400.0,,,,73.625,,,,,01.10.2023,Yes,,,,,,,,
,NTPC Ltd.,,28/05/2022,1200002501,1200003121,22.0,21.08.2023,Rajasthan,NR,,88.35,,,,,,,Granted,Bhadla-II,220.0,,,,88.35,,,,,01.10.2023,Yes,,,,,,,,
,NTPC Ltd.,,29.07.2022,1200002339,1200003124,22.0,21.08.2023,,NR,,44.17,,,,,,,Granted,Fatehgarh-II,220.0,,,EL-4C6E2,44.17,,,,,01.10.2023,Yes,,,,,,,,
,NTPC Ltd.,,19/02/2022,1200002497,1200003248,22.0,21.08.2023,,NR,,63.5,,,,,,,Granted,Fatehgarh-II,220.0,,,,63.5,,,,,01.10.2023,Yes,,,,,,,,
,Renew Surya Roshni Private Limited,,31/12/2022,1200002628,1200003269,22.0,21.08.2023,,NR,,400.0,,,,,,,Granted,Fatehgarh-III,220.0,,,,400.0,,,,,01.10.2023,Yes,,,,,,,,
,NTPC Ltd.,,19/02/2022,1200002497,1200003314,22.0,21.08.2023,,NR,,26.5,,,,,,,Granted,Fatehgarh-II,220.0,,,,26.5,,,,,01.10.2023,Yes,,,,,,,,
,ABC Solar (India) Private Limited,,15/04/2022,1200002359,1200003357,22.0,21.08.2023,Rajasthan,NR,,300.0,,,,,,,Granted,Bhadla-II,220.0,,,,300.0,,,,,01.10.2023,Yes,,,,,,,,
,AMP Energy Green Pvt. Ltd.,,19/01/2023,1200003022,1200003416,22.0,21.08.2023,,NR,,130.0,,,,,,,Granted,Fatehgarh-IV,220.0,,,,130.0,,,,,01.10.2023,Yes,,,,,,,,
,ACME Solar Holdings Private Limited,,15/04/2022,1200002471,1200003505,22.0,21.08.2023,Rajasthan,NR,,300.0,,,,,,,Granted,Bhadla-II,220.0,,,,300.0,,,,,01.10.2023,Yes,,,,,,,,
,ABC Renewable Energy Private Limited,,30/11/2023,1200003002,1200003531,22.0,21.08.2023,,NR,,380.0,,,,,,,Granted,Fatehgarh-IV,220.0,,,,380.0,,,,,31.03.2025,Yes,,,,,,,,
,The Tata Power Company Limited,,11.11.2023,1200003027,1200003583,22.0,21.08.2023,Rajasthan,NR,,110.0,,,,,,,Granted,Bikaner-I,220.0,,,,110.0,,,,,31.03.2024,Yes,,,,,,,,
,Azure Power India Private Limited,,31/12/2023,1200002401,1200003586,22.0,21.08.2023,Rajasthan,NR,,267.0,,,,,,,Granted,Bhadla-II,400.0,,,,267.0,,,,,30.09.2024,Yes,,,,,,,,
,Azure Power India Private Limited,,31/12/2023,1200002401,200002403,22.0,21.08.2023,Rajasthan,NR,,333.0,,,,,,,Granted,Bhadla-II,400.0,,,,333.0,,,,,30.09.2024,Yes,,,,,,,,
,Avikiran Surya India Private Limited,,26.07.2023,1200002642,1200003651,22.0,21.08.2023,Rajasthan,NR,,200.0,,,,,,,Granted,Bikaner-I,220.0,,,,200.0,,,,,01.10.2023,Yes,,,,,,,,
,Adani Renewable Energy Holding Four Ltd.,,13/10/2023,1200002432,1200003689,22.0,21.08.2023,Rajasthan,NR,,500.0,,,,,,,Granted,Ramgarh-I,400.0,,,,500.0,,,,,31.03.2025,Yes,,,,,,,,
,Adani Renewable Energy Holding Four Limited,,01/12/2024,1200002430,1200003684,22.0,21.08.2023,,NR,,500.0,,,,,,,Granted,Fatehgarh-II,220.0,,,,500.0,,,,,30.09.2024,Yes,,,,,,,,
,Adani Renewable Energy Holding Four Ltd.,,01/12/2024,1200002428,1200003685,22.0,21.08.2023,Rajasthan,NR,,500.0,,,,,,,Granted,Bhadla-II,400.0,,,,500.0,,,,,30.09.2024,Yes,,,,,,,,
,ACME Solar Holdings Private Limited,,15.05.2024,1200003683,1200003829,22.0,21.08.2023,Rajasthan,NR,,300.0,,,,,,,Granted,Bikaner-II,220.0,,,,300.0,,,,,15.05.2024,Yes,,,,,,,,
,Azure Power India Private Limited,,31/03/2024,1200002403,1200003843,22.0,21.08.2023,Rajasthan,NR,,50.0,,,,,,,Granted,Bhadla-II,400.0,,,,50.0,,,,,30.09.2024,Yes,,,,,,,,
,ReNew Dinkar Jyoti Private Limited,,30/06/2024,1200003813,1200003879,22.0,21.08.2023,,NR,,100.0,,,,,,,Granted,Fatehgarh-III,400.0,,,,100.0,,,,,L St-II:1200003813 (100 MW) TA:1200003879 (100 MW) S ISTS : 400 kV(1 no.). chedule: ISTS bay to be taken up for implementation. Schedule to be informed by Renew in view of Reallocation at 400 kV bay at Fatehgarh-III PS(Sec-2),,,,,,,,,
,AMP Energy Green Private Limited,,31/03/2024,1200002676,1200003882,22.0,21.08.2023,Rajasthan,NR,,100.0,,,,,,,Granted,Bhadla-II,220.0,,,,100.0,,,,,30.09.2024,Yes,,,,,,,,
,IB Vogt Solar Seven Private Limited,,30/06/2024,1200002700,1200003931,22.0,21.08.2023,,NR,,300.0,,,,,,,Granted,Fatehgarh-III,220.0,,,,300.0,,,,,31.03.2025,Yes,,,,,,,,
,Ayana Renewable Power Three Private Limited,,15/05/2024,1200002986,1200003933,22.0,21.08.2023,Rajasthan,NR,,300.0,,,,,,,Granted,Bikaner-I,,,,,300.0,,,,,15/05/2024,Yes,,,,,,,,
,SJVN Limited,,15.05.2024,1200003559,1200003937,22.0,21.08.2023,Rajasthan,NR,,1000.0,,,,,,,Granted,Bikaner-II,400.0,,,,1000.0,,,,,15.05.2024,Yes,,,,,,,,
,ReNew Dinkar Urja Pvt. Ltd.,,15.05.2024,1200003380,1200003935,22.0,21.08.2023,Rajasthan,NR,,200.0,,,,,,,Granted,Bikaner-II,220.0,,,,200.0,,,,,15.05.2024,Yes,,,,,,,,
,Eden Renewable Bercy Private Limited,,31/03/2024,1200002688,1200003947,22.0,21.08.2023,,NR,,300.0,,,,,,,Granted,Fatehgarh-II,220.0,,,,300.0,,,,,30.09.2024,Yes,,,,,,,,
,Azure Power India Private Limited,,31.12.2024,1200003532,412100002,22.0,21.08.2023,,NR,,100.0,,,,,,,Granted,Fatehgarh-III,,,,,100.0,,,,,31.03.2025,Yes,,,,,,,,
,Onevolt Energy Private Limited,,15.05.2024,1200003626,412100004,22.0,21.08.2023,Rajasthan,NR,,62.0,,,,,,,Granted,Bikaner-II,220.0,,,,62.0,,,,,15.05.2024,Yes,,,,,,,,
,NHPC Ltd.,,15.05.2024,1200003915,412100006,22.0,21.08.2023,Rajasthan,NR,,300.0,,,,,,,Granted,Bikaner-II,220.0,,,,300.0,,,,,15.05.2024,Yes,,,,,,,,
,XL Xergi Power Pvt. Ltd.,,31.12.2024,1200002847,412100007,22.0,21.08.2023,,NR,,200.0,,,,,,,Granted,Fatehgarh-III,220.0,,,,200.0,,,,,31.03.2025,Yes,,,,,,,,
,Juniper Green Cosmic Private Limited,,31/01/2025,1200003740,412100008,22.0,21.08.2023,Rajasthan,NR,,100.0,,,,,,,Granted,Bikaner-II,220.0,,,,100.0,,,,,31/01/2025,Yes,,,,,,,,
,Grian Energy Private Limited,,08.12.2024,1200003625,,22.0,21.08.2023,Rajasthan,NR,,100.0,,,,,,,Granted,Bikaner-II,220.0,,,,100.0,,,,,08.12.2024,Yes,,,,,,,,
,Juniper Green Stellar Pvt. Ltd.,,30.06.2027,312100010,12100012,22.0,21.08.2023,,NR,,65.0,,,,,,,Granted,Fatehgarh-IV,220.0,,,,65.0,,,,,3 L St-II: 312100010 (45 MW) (5 MW out of 45 MW) 12100012 (60 MW) TA:412100011 (65 MW) B E ISTS : 220 kV(1 no.). ay is part of Ph-III (Part-A1 scheme) xpected: Feb’25,,,,,,,,,
01.06.2023,BN Hybrid Power-1 Private Limited,Land BG Route,30.06.2025,2200000102,,21.0,31.07.2023,Rajasthan,NR,Generator,180.8,Hybrid,180.8,70.8,,,True,Applied,Fatehgarh-IV,,,,,,,,,,,,,,,,,,,
01.06.2023,BN Dispatchable-1 Private Limited,Land BG Route,30.06.2025,2200000103,,21.0,31.07.2023,Rajasthan,NR,Generator,300.0,Hybrid,150.0,150.0,,,True,Applied,Fatehgarh-IV,,,,,,,,,,,,,,,,,,,
05.06.2023,Avaada Energy Private Limited,Land BG Route,30.09.2025,2200000077,,21.0,31.07.2023,Rajasthan,NR,Generator,50.0,Hybrid,25.0,25.0,,,True,Applied,Fatehgarh-IV,,,,,,,,,,,,,,,,,,,
13.06.2023,Sprng Energy Private Limited,Land BG Route,30.06.2025,2200000112,,21.0,31.07.2023,Rajasthan,NR,Generator,200.0,Solar,200.0,,,,,Applied,Bhadla-III,,,,,,,,,,,,,,,,,,,
14.06.2023,MRS Buildvision Private Limited,Land Route,30.06.2025,2200000098,,21.0,31.07.2023,Rajasthan,NR,Renewable Power Park developer,1000.0,Solar,1000.0,,,,,Applied,Bikaner-III,,,,,,,,,,,,,,,,,,,
16.06.2023,Sprng Energy Private Limited,Land BG Route,31.12.2025,2200000116,,21.0,31.07.2023,Rajasthan,NR,Renewable Power Park developer,400.0,Solar,400.0,,,,,Applied,Fatehgarh-IV,,,,,,,,,,,,,,,,,,,
22.06.2023,Sunbreeze Renewables Nine Private Limited,Land Route,01.05.2025,2200000111,,21.0,31.07.2023,Rajasthan,NR,Renewable Power Park developer,400.0,Solar,400.0,,,,,Applied,Bikaner-III,,,,,,,,,,,,,,,,,,,
25.06.2023,Renew Solar Power Private Limited,LOI,02.01.2025,2200000110,,21.0,31.07.2023,Rajasthan,NR,Generator,400.0,Solar,400.0,,,,,Applied,Bhadla-II,,,,,,,,,,,,,,,,,,,
29.06.2023,ABREL (RJ) Projects Limited,Land BG Route,31.05.2025,2200000140,,21.0,31.07.2023,Rajasthan,NR,Captive generating plant,260.0,Solar,260.0,,,,,Applied,Fatehgarh-III,,,,,,,,,,,,,,,,,,,
30.06.2023,Helia Energy Park Private Limited,Land Route,31.12.2025,2200000120,,21.0,31.07.2023,Rajasthan,NR,Renewable Power Park developer,100.0,Solar,100.0,,,,,Applied,Fatehgarh-IV,,,,,,,,,,,,,,,,,,,
30.06.2023,Teq Green Power XV Private Limited,Land BG Route,01.01.2026,2200000123,,21.0,31.07.2023,Rajasthan,NR,Renewable Power Park developer,95.0,Solar,95.0,,,,,Applied,Fatehgarh-III,,,,,,,,,,,,,,,,,,,
30.06.2023,Frugal Energy Private Limited,Land Route,15.06.2025,2200000118,,21.0,31.07.2023,Rajasthan,NR,Renewable Power Park developer,250.0,Solar,250.0,,,,,Applied,Bhadla-III,,,,,,,,,,,,,,,,,,,
15.05.2023,Green Infra Clean Wind Technology Limited,Land Route,01.06.2025,2200000054,,20.0,30.06.2023,Rajasthan,NR,Generator,300.0,Solar,300.0,,,,,Applied,Fatehgarh-IV,,,,,,,,,,,,,,,,,,,
26.05.2023,Utkrrisht Solar Energy Private Limited,Land Route,01.04.2026,2200000067,,20.0,30.06.2023,Rajasthan,NR,Renewable Power Park developer,300.0,Solar,300.0,,,,,Applied,Fatehgarh-IV,,,,,,,,,,,,,,,,,,,
24.05.2023,Juniper Green Cosmic Private Limited,Land Route,31.01.2025,2200000073,,20.0,30.06.2023,Rajasthan,NR,Generator,150.0,Solar,150.0,,,,,Applied,Bikaner-II,,,,,,,,,,,,,,,,,,,
04.05.2023,Sprng Pavana Urja Private Limited,Land Route,31.12.2026,2200000034,,20.0,30.06.2023,Rajasthan,NR,Generator,150.0,Solar,150.0,,,,,Applied,Fatehgarh-IV,,,,,,,,,,,,,,,,,,,
05.05.2023,Project Nine Renewable Power Private Limited,Land BG Route,11.06.2025,2200000037,,20.0,30.06.2023,Rajasthan,NR,Generator,450.0,Solar,450.0,,,,,Applied,Bhadla-III,,,,,,,,,,,,,,,,,,,
22.05.2023,Juniper Green India Six Private Limited,Land BG Route,31.12.2027,2200000062,,20.0,30.06.2023,Rajasthan,NR,Renewable Power Park developer,300.0,Solar,300.0,,,,,Applied,Bhadla-III,,,,,,,,,,,,,,,,,,,
22.05.2023,Juniper Green Stellar Private Limited,Land BG Route,31.12.2026,2200000063,,20.0,30.06.2023,Rajasthan,NR,Renewable Power Park developer,300.0,Solar,300.0,,,,,Applied,Fatehgarh-IV,,,,,,,,,,,,,,,,,,,
10.05.2023,Sprng Urja Private Limited,Land BG Route,31.12.2027,2200000060,,20.0,30.06.2023,Rajasthan,NR,Generator,200.0,Solar,200.0,,,,,Applied,Bhadla-III,,,,,,,,,,,,,,,,,,,
18.05.2023,Sprng Akshaya Urja Private Limited,LOA or PPA,30.06.2025,2200000065,,20.0,30.06.2023,Rajasthan,NR,Generator,100.0,Solar,100.0,,,,,Applied,Fatehgarh-IV,,,,,,,,,,,,,,,,,,,
14.04.2023,BN Hybrid Power-1 Private Limited,Land Route,30.06.2025,2200000003,,19.0,31.05.2023,Rajasthan,NR,Generator,119.2,Hybrid,40.0,79.2,,,True,Applied,Fatehgarh-IV,,,,,,,,,,,,,,,,,,,
17.04.2023,Sprng Power Private Limited,Land BG Route,31.12.2025,2200000024,,19.0,31.05.2023,Rajasthan,NR,Generator,400.0,Solar,400.0,,,,,Applied,Fatehgarh-IV,,,,,,,,,,,,,,,,,,,
18.04.2023,Renew Surya Vihaan Private Limited (Enhancement),Land Route,31.10.2023,2200000027,,19.0,31.05.2023,Rajasthan,NR,Generator,10.0,Solar,10.0,,,,,Applied,Fatehgarh-III,,,,,,,,,,,,,,,,,,,
18.04.2023,ACME Cleantech Solutions Private Limited,Land Route,31.05.2025,2200000008,,19.0,31.05.2023,Rajasthan,NR,Generator,300.0,Solar,300.0,,,,,Applied,Bikaner-III,,,,,,,,,,,,,,,,,,,
26.04.2023,Sprng Pavana Urja Private Limited (Enhancement),Land BG Route,31.12.2025,2200000018,,19.0,31.05.2023,Rajasthan,NR,Generator,100.0,Solar,100.0,,,,,Applied,Fatehgarh-IV,,,,,,,,,,,,,,,,,,,
27.04.2023,Avaada RJBikaner Private Limited,Land Route,31.03.2025,2200000013,,19.0,31.05.2023,Rajasthan,NR,Generator,50.0,Solar,50.0,,,,,Applied,Bikaner-III,,,,,,,,,,,,,,,,,,,
29.04.2023,Serentica Renewables India Private Limited,Land Route,31.03.2025,2200000020,,19.0,31.05.2023,Rajasthan,NR,Generator,300.0,Solar,300.0,,,,,Applied,Fatehgarh-IV,,,,,,,,,,,,,,,,,,,
29.04.2023,#Sprng Akshaya Urja Private Limited,LOA from REMCL,30.06.2025,2200000040,,19.0,31.05.2023,Rajasthan,NR,Generator,75.0,Solar,75.0,,,,,Applied,Line Connectivity Is Planned To 220,,,,,,,,,,,,,,,,,,,
10.03.2023,Proteus Energy Private Limited,,31.03.2025,,112100062,,,Rajasthan,NR,Renewable Power Park Developer,300.0,Solar,300.0,,,,,Applied,Bikaner-III,,,,,,,,,,,,,,,,,,18.0,28.04.2023
10.03.2023,Proteus Energy Private Limited,,31.03.2025,212100042,,18.0,28.04.2023,Rajasthan,NR,Renewable Power Park Developer,217.0,Solar,217.0,,,,,Applied,Bikaner-III,,,,,,,,,,,,,,,,,,,
31.03.2023,Tepsol Saur Urja Private Limited,,31.12.2025,212100043,,18.0,28.04.2023,Rajasthan,NR,Renewable Power Park Developer,300.0,Solar,300.0,,,,,Applied,Fatehgarh-IV,,,,,,,,,,,,,,,,,,,
07.04.2023,Rajasthan Solarpark Development Company Limited,,30.03.2024,,112100068,,,Rajasthan,NR,Renewable Power Park Developer,450.0,Solar,450.0,,,,,Applied,Bikaner-III,,,,,,,,,,,,,,,,,,18.0,28.04.2023
12.04.2023,Rajasthan Solarpark Development Company Limited,,23.02.2024,,112100070,,,Rajasthan,NR,Renewable Power Park Developer,1000.0,Solar,1000.0,,,,,Applied,Bikaner-III,,,,,,,,,,,,,,,,,,18.0,28.04.2023
12.04.2023,Juniper Green Beta Private Limited,,30.06.2025,312100021,,18.0,28.04.2023,Rajasthan,NR,Generator,40.0,Solar,40.0,,,,,Applied,Bhadla-III,,,,,,,,,,,,,,,,,,,
12.04.2023,Cannice Renewables Energy Private Limited,,31.01.2025,312100019,,18.0,28.04.2023,Rajasthan,NR,"Generator [Solar: 70MW, Wind: 20MW]",90.0,Hybrid,70.0,20.0,,,,Applied,Fatehgarh-IV,,,,,,,,,,,,,,,,,,,
17.03.2023,Serentica Renewables India Private Limited,,30-07-2049,,412100014,,,Rajasthan,NR,,31.0,,,,,,,Applied,Bikaner-II (Nr),,,,,,,,,,,,,,,,,,18.0,28.04.2023
24.03.2023,THDC India Limited (Khurja STPP),,29-04-2049,,413600001,,,Uttar Pradesh,NR,,30.0,,,,,,,Applied,"Aligarh , Up (Nr)",,,,,,,,,,,,,,,,,,18.0,28.04.2023
12.04.2023,J uniper Green Beta Private Limited,,31-03-2051,,412100027,,,Rajasthan,NR,,31.0,,,,,,,Applied,Bhadla-III (Nr),,,,,,,,,,,,,,,,,,18.0,28.04.2023
14.02.2023,JSW Renew Energy Five Limited,,15.10.2024,,112100048,,,Rajasthan,NR,Project based on Standalone Storage Source,250.0,BESS,,,,250.0,,Granted,Fatehgarh -III,,,,,250.0,,,,,15.10.2024,Yes,,,,,,,17.0,31.03.2023
14.02.2023,JSW Renew Energy Five Limited,,15.10.2024,,112100052,,,Rajasthan,NR,Project based on Standalone Storage Source,250.0,BESS,,,,250.0,,Granted,Fatehgarh -III,,,,,250.0,,,,,15.10.2024,Yes,,,,,,,17.0,31.03.2023
16.02.2023,**MRS Buildvision Private Limited,,31.03.2025,,112100053,,,Rajasthan,NR,Renewable Power Park Developer,1000.0,Solar,1000.0,,,,,Granted,Bikaner -III,,,,,1000.0,,,,,31.03.2025,Yes,,,,,,,17.0,31.03.2023
13.02.2023,*Radiant Star Solar Park Private Limited,,31.12.2024,212100037,112100046,17.0,31.03.2023,Rajasthan,NR,Renewable Power Park Developer,200.0,Solar,200.0,,,,,Granted,Fatehgarh -IV,,,,,200.0,,,,,31.12.2024,Yes,,,,,,,,
13.02.2023,*Helia Energy Park Private Limited,,31.12.2024,212100035,112100043,17.0,31.03.2023,Rajasthan,NR,Renewable Power Park Developer,200.0,Solar,200.0,,,,,Granted,Fatehgarh -IV,,,,,200.0,,,,,31.12.2024,Yes,,,,,,,,
14.02.2023,##JSW Renew Energy Five Limited,,15.10.2024,212100039,112100048,17.0,31.03.2023,Rajasthan,NR,Project based on Standalone Storage Source,250.0,BESS,,,,250.0,,Granted,Fatehgarh -III,,,,,250.0,,,,,15.10.2024,Yes,,,,,,,,
14.02.2023,##JSW Renew Energy Five Limited,,15.10.2024,212100040,112100052,17.0,31.03.2023,Rajasthan,NR,Project based on Standalone Storage Source,250.0,BESS,,,,250.0,,Granted,Fatehgarh -III,,,,,250.0,,,,,15.10.2024,Yes,,,,,,,,
28.02.2023,Prerak Greentech Private Limited,,01/01/2024,1200003770,412100025,,,Rajasthan,NR,,226.0,,,,,,,Granted,"Bikaner-II, Rajasthan",,,,,226.0,,,,,01/01/2024,Yes,,,,,,,17.0,31.03.2023
20.12.2022,Amplus Ages Private Limited,,31/10/2023,1200003624,1671556542236,,,Rajasthan,NR,,62.0,,,,,,,Granted,"Bikaner-II, Rajasthan",,,,,62.0,,,,,31/10/2023,Yes,,,,,,,17.0,31.03.2023
29.12.2022,Tepsol Sun Sparkle Private Limited,,01/10/2025,212100030,1672319027575,,,Rajasthan,NR,,300.0,,,,,,,Granted,"Bhadla-III, Rajasthan",,,,,300.0,,,,,01/10/2025,Yes,,,,,,,17.0,31.03.2023
30.12.2022,Juniper Green Stellar Private Limited,,30/06/2025,1200003827,412100009,,,Rajasthan,NR,,150.0,,,,,,,Granted,"Fatehgarh-IV, Rajasthan",,,,,150.0,,,,,30/06/2025,Yes,,,,,,,17.0,31.03.2023
30.12.2022,Juniper Green Stellar Private Limited,,30/06/2026,1200003910,412100010,,,Rajasthan,NR,,150.0,,,,,,,Granted,"Fatehgarh-IV, Rajasthan",,,,,150.0,,,,,30/06/2026,No,,,,,,,17.0,31.03.2023
30.12.2022,Juniper Green Beta Private Limited,,30/06/2025,212100027,412100012,,,Rajasthan,NR,,150.0,,,,,,,Granted,"Bhadla-III, Rajasthan",,,,,150.0,,,,,30/06/2025,Yes,,,,,,,17.0,31.03.2023
31.01.2023,Renew Surya Aayan Private Limited,,30/09/2023,1200002692,412100022,,,Rajasthan,NR,,300.0,,,,,,,Granted,"Fatehgarh-III, Rajasthan",,,,,300.0,,,,,30/09/2023,Yes,,,,,,,17.0,31.03.2023
19.01.2023,Serentica Renewables India 4 Private Limited,,"Hindustan Zinc Limited, Kankroli S/s, Rajasthan (NR)",,431400004,,,Rajasthan,NR,,,,,,,,,Granted,100 (Firm),,,,,,,,,,,,,,,,,,17.0,31.03.2023
19.01.2023,Serentica Renewables India 4 Private Limited,,"Hindustan Zinc Limited, Kankroli S/s, Rajasthan (NR)",,412100015,,,Rajasthan,NR,,,,,,,,,Granted,100 (Firm),,,,,,,,,,,,,,,,,,17.0,31.03.2023
13.02.2023,Renew Solar Power Private Limited,,"WBSEDCL, West Bengal/ER",,431400006,,,Rajasthan,NR,,,,,,,,,Granted,75 (Ppa,,,,,,,,,,,,,,,,,,17.0,31.03.2023
13.02.2023,Renew Solar Power Pvt Ltd.,,• WBSEDCL(ER): 75 MW,,451100014,,,Rajasthan,NR,,,,,,,,,Granted,75 Mw (Ppa,,,,,,,,,,,,,,,,,,17.0,31.03.2023
13.02.2023,Renew Solar Power Pvt Ltd.,,• WBSEDCL(ER): 75 MW,,451100015,,,Rajasthan,NR,,,,,,,,,Granted,75 Mw (Ppa,,,,,,,,,,,,,,,,,,17.0,31.03.2023
13.02.2023,Renew Surya Ojas pvt Ltd.,,• HPPC (NR): 50 MW • Goa State (WR): 50 MW,,451100016,,,Rajasthan,NR,,,,,,,,,Granted,100 Mw (Ppa,,,,,,,,,,,,,,,,,,17.0,31.03.2023
East Central Railways 28-02-2023,,,"East Central Railway, Bihar (ER) – 20MW Delhi (NR) – 5MW",,440100003,,,Rajasthan,NR,,,,,,,,,Granted,25 (Firm),,,,,,,,,,,,,,,,,,17.0,31.03.2023
11.01.2023,Serentica Renewables India Private Limited,,31.12.2024,,112100033,,,Rajasthan,NR,Generator,500.0,Solar,500.0,,,,,Granted,Fatehgarh -IV,,,,,500.0,,,,,31.12.2024,Yes,,,,,,,16.0,28.02.2023
30.01.2023,Serentica Renewables India Private Limited,,31.12.2024,,112100044,,,Rajasthan,NR,Generator,500.0,Solar,500.0,,,,,Granted,Fatehgarh -IV,,,,,500.0,,,,,31.12.2024,Yes,,,,,,,16.0,28.02.2023
23.01.2023,Deshraj Solar Energy Private Limited,,31.01.2025,,112100038,,,Rajasthan,NR,Generator,400.0,Solar,400.0,,,,,Granted,Bikaner-III,,,,,400.0,,,,,31.01.2025,Yes,,,,,,,16.0,28.02.2023
26.01.2023,Luceo Solar Private Limited,,31.12.2024,,112100039,,,Rajasthan,NR,Generator,100.0,Solar,100.0,,,,,Granted,Fatehgarh -IV,,,,,100.0,,,,,31.12.2024,Yes,,,,,,,16.0,28.02.2023
30.01.2023,Helia Energy Park Private Limited,,31.12.2024,,112100043,,,Rajasthan,NR,Renewable Power Park Developer,300.0,Solar,300.0,,,,,Granted,Fatehgarh -IV,,,,,300.0,,,,,31.12.2024,Yes,,,,,,,16.0,28.02.2023
31.01.2023,Saimaa Solar Private Limited,,15.01.2025,,112100041,,,Rajasthan,NR,Generator,400.0,Solar,400.0,,,,,Granted,Bikaner-III,,,,,400.0,,,,,15.01.2025,Yes,,,,,,,16.0,28.02.2023
31.01.2023,Radiant Star Solar Park Private Limited,,31.12.2024,,112100046,,,Rajasthan,NR,Renewable Power Park Developer,300.0,Solar,300.0,,,,,Granted,Fatehgarh -IV,,,,,300.0,,,,,31.12.2024,Yes,,,,,,,16.0,28.02.2023
31.01.2023,Adani Solar Energy AP Three Limited,,03.10.2023,,112100047,,,Rajasthan,NR,Generator,150.0,Solar,150.0,,,,,Granted,Ramgarh-I,,,,,150.0,,,,,03.10.2023,Yes,,,,,,,16.0,28.02.2023
31.01.2023,Resco Global Wind Services Private Limited,,01.02.2025,,112100040,,,Rajasthan,NR,Generator,500.0,Wind,,500.0,,,,Granted,Ramgarh-I,,,,,500.0,,,,,01.02.2025,Yes,,,,,,,16.0,28.02.2023
02.01.2023,Khaba Renewable Energy Private Limited (Refer Note-1),,30.06.2026,312100017,1200003132,16.0,28.02.2023,Rajasthan,NR,Generator,50.0,Solar,50.0,,,,,Granted,Fatehgarh -IV#,,,,,50.0,,,,,30.06.2026,No,,,,,,,,
11.01.2023,Serentica Renewables India Private Limited,,31.12.2024,212100034,112100033,16.0,28.02.2023,Rajasthan,NR,Generator,300.0,Solar,300.0,,,,,Granted,Fatehgarh -IV#,,,,,300.0,,,,,31.12.2024,Yes,,,,,,,,
30.01.2023,Serentica Renewables India Private Limited,,31.12.2024,212100036,112100044,16.0,28.02.2023,Rajasthan,NR,Generator,300.0,Solar,300.0,,,,,Granted,Fatehgarh -IV#,,,,,300.0,,,,,31.12.2024,Yes,,,,,,,,
26.01.2023,Luceo Solar Private Limited,,31.12.2024,312100018,112100039,16.0,28.02.2023,Rajasthan,NR,Generator,100.0,Solar,100.0,,,,,Granted,Fatehgarh -IV#,,,,,100.0,,,,,31.12.2024,Yes,,,,,,,,
31.01.2023,Adani Solar Energy AP Three Limited,,03.10.2023,212100038,112100047,16.0,28.02.2023,Rajasthan,NR,Generator,150.0,Solar,150.0,,,,,Granted,Ramgarh##,,,,,150.0,,,,,03.10.2023,Yes,,,,,,,,
17.12.2022,Prerak Greentech Solar Private Limited,,31/01/2025,212100003,1671216520154,,,Rajasthan,NR,,400.0,,,,,,,Granted,"Bhadla-III, Rajasthan",,,,,400.0,,,,,31/01/2025,Yes,,,,,,,16.0,28.02.2023
20.12.2022,Amplus Ages Private Limited,,31/10/2023,1200003624,1671556542236,,,Rajasthan,NR,,62.0,,,,,,,Granted,"Bikaner-II, Rajasthan",,,,,62.0,,,,,31/10/2023,Yes,,,,,,,16.0,28.02.2023
29.12.2022,Tepsol Sun Sparkle Private Limited,,01/10/2025,212100030,1672319027575,,,Rajasthan,NR,,300.0,,,,,,,Granted,"Bhadla-III, Rajasthan",,,,,300.0,,,,,01/10/2025,Yes,,,,,,,16.0,28.02.2023
30.12.2022,Juniper Green Stellar Private Limited,,30/06/2025,1200003827,412100009,,,Rajasthan,NR,,150.0,,,,,,,Granted,"Fatehgarh-IV, Rajasthan",,,,,150.0,,,,,30/06/2025,Yes,,,,,,,16.0,28.02.2023
30.12.2022,Juniper Green Stellar Private Limited,,30/06/2026,1200003910,412100010,,,Rajasthan,NR,,150.0,,,,,,,Granted,"Fatehgarh-IV, Rajasthan",,,,,150.0,,,,,30/06/2026,No,,,,,,,16.0,28.02.2023
30.12.2022,Juniper Green Beta Private Limited,,30/06/2025,212100027,412100012,,,Rajasthan,NR,,150.0,,,,,,,Granted,"Bhadla-III, Rajasthan",,,,,150.0,,,,,30/06/2025,Yes,,,,,,,16.0,28.02.2023
30.12.2022,Juniper Green Beta Private Limited,,31/12/2026,312100013,412100013,,,Rajasthan,NR,,100.0,,,,,,,Granted,"Bhadla-III, Rajasthan",,,,,100.0,,,,,31/12/2026,No,,,,,,,16.0,28.02.2023
18.01.2023,Azure Power India Private Limited,,20/07/2024,1200002403,412100018,,,Rajasthan,NR,,50.0,,,,,,,Granted,"Bhadla-II, Rajasthan",,,,,50.0,,,,,20/07/2024,Yes,,,,,,,16.0,28.02.2023
24.01.2023,Amp Energy Green Private Limited,,11/01/2025,312100005,412100019,,,Rajasthan,NR,,120.0,,,,,,,Granted,"Fatehgarh-IV, Rajasthan",,,,,120.0,,,,,11/01/2025,Yes,,,,,,,16.0,28.02.2023
25.01.2023,Xl Xergi Power Private Limited,,10/07/2024,1200002847,412100020,,,Rajasthan,NR,,200.0,,,,,,,Granted,"Fatehgarh-III, Rajasthan",,,,,200.0,,,,,10/07/2024,Yes,,,,,,,16.0,28.02.2023
31.01.2023,Renew Surya Vihaan Private Limited,,30/09/2023,1200002695,412100021,,,Rajasthan,NR,,100.0,,,,,,,Granted,"Fatehgarh-III, Rajasthan",,,,,100.0,,,,,30/09/2023,Yes,,,,,,,16.0,28.02.2023
31.01.2023,Renew Surya Aayan Private Limited,,30/09/2023,1200002692,412100022,,,Rajasthan,NR,,300.0,,,,,,,Granted,"Fatehgarh-III, Rajasthan",,,,,300.0,,,,,30/09/2023,Yes,,,,,,,16.0,28.02.2023
31.01.2023,Renew Surya Roshni Private Limited,,30/09/2023,1200002628,412100023,,,Rajasthan,NR,,100.0,,,,,,,Granted,"Fatehgarh-III, Rajasthan",,,,,100.0,,,,,30/09/2023,Yes,,,,,,,16.0,28.02.2023
12.01.2023,Sarjan Realities Private Limited,,NR: 400 MW SR: 700 MW,,430700014,,,Rajasthan,NR,,,,,,,,,Granted,1100 (Target),,,,,,,,,,,,,,,,,,16.0,28.02.2023
12.01.2023,Sarjan Realities Private Limited,,NR: 500 MW WR: 500 MW SR: 250 MW,,430700013,,,Rajasthan,NR,,,,,,,,,Granted,1250 (Target),,,,,,,,,,,,,,,,,,16.0,28.02.2023
12.01.2023,Sarjan Realities Private Limited,,ER: 600 MW NR: 550 MW,,430700011,,,Rajasthan,NR,,,,,,,,,Granted,1150 (Target),,,,,,,,,,,,,,,,,,16.0,28.02.2023
19.01.2023,Serentica Renewables India 4 Private Limited,,"Hindustan Zinc Limited, Kankroli S/s, Rajasthan (NR)",,431400004,,,Rajasthan,NR,,,,,,,,,Granted,100 (Firm),,,,,,,,,,,,,,,,,,16.0,28.02.2023
19.01.2023,Serentica Renewables India 4 Private Limited,,"Hindustan Zinc Limited, Kankroli S/s, Rajasthan (NR)",,412100015,,,Rajasthan,NR,,,,,,,,,Granted,100 (Firm),,,,,,,,,,,,,,,,,,16.0,28.02.2023
26.12.2022,Resco Global Wind Services Private Limited,,28.02.2025,,1671176748938,,,Rajasthan,NR,Generator,500.0,Wind,,500.0,,,,Granted,Fatehgarh -IV,,,,,500.0,,,,,28.02.2025,Yes,,,,,,,15.0,27.02.2023
04.12.2022,Sprng Nirjara Energy Private Limited,,31.01.2026,1670102829414,1200003622,15.0,27.02.2023,Rajasthan,NR,Generator,50.0,Solar,50.0,,,,,Granted,Bikaner-II,,,,,50.0,,,,,31.01.2026,Yes,,,,,,,,
13.12.2022,Juniper Green Beta Private Limited,,31.03.2026,1670400777119,112100018,15.0,27.02.2023,Rajasthan,NR,Generator,70.0,Solar,70.0,,,,,Granted,Bhadla-III,,,,,70.0,,,,,31.03.2026,No,,,,,,,,
30.12.2022,Khidrat Renewable Energy Private Limited,,31.12.2025,312100014,1200003368,15.0,27.02.2023,Rajasthan,NR,Generator,50.0,Solar,50.0,,,,,Granted,Bikaner-II,,,,,50.0,,,,,31.12.2025,Yes,,,,,,,,
21.12.2022,Cannice Renewables Energy Private Limited,,31.01.2025,1671600589106,112100009,15.0,27.02.2023,Rajasthan,NR,Generator,150.0,Solar,150.0,,,,,Granted,Fatehgarh-IV,,,,,150.0,,,,,31.01.2025,Yes,,,,,,,,
27.08.2022,Cannice Renewables Energy Private Limited,,31.01.2025,212100004,112100009,15.0,27.02.2023,Rajasthan,NR,Generator,80.0,Solar,80.0,,,,,Granted,Fatehgarh-IV,,,,,80.0,,,,,31.01.2025,Yes,,,,,,,,
17.12.2022,Prerak Greentech Solar Private Limited,,31/01/2025,212100003,1671216520154,,,Rajasthan,NR,,400.0,,,,,,,Granted,"Bhadla-III, Rajasthan",,,,,400.0,,,,,31/01/2025,Yes,,,,,,,15.0,27.02.2023
20.12.2022,Grian Energy Private Limited,,31/08/2023,1200003625,1671544323119,,,Rajasthan,NR,,62.0,,,,,,,Granted,"Bikaner-II, Rajasthan",,,,,62.0,,,,,31/08/2023,Yes,,,,,,,15.0,27.02.2023
20.12.2022,Amplus Ages Private Limited,,31/10/2023,1200003624,1671556542236,,,Rajasthan,NR,,62.0,,,,,,,Granted,"Bikaner-II, Rajasthan",,,,,62.0,,,,,31/10/2023,Yes,,,,,,,15.0,27.02.2023
29.12.2022,Tepsol Sun Sparkle Private Limited,,01/10/2025,212100030,1672319027575,,,Rajasthan,NR,,300.0,,,,,,,Granted,"Bhadla-III, Rajasthan",,,,,300.0,,,,,01/10/2025,Yes,,,,,,,15.0,27.02.2023
30.12.2022,Juniper Green Stellar Private Limited,,30/06/2025,1200003827,412100009,,,Rajasthan,NR,,150.0,,,,,,,Granted,"Fatehgarh-IV, Rajasthan",,,,,150.0,,,,,30/06/2025,Yes,,,,,,,15.0,27.02.2023
30.12.2022,Juniper Green Stellar Private Limited,,30/06/2026,1200003910,412100010,,,Rajasthan,NR,,150.0,,,,,,,Granted,"Fatehgarh-IV, Rajasthan",,,,,150.0,,,,,30/06/2026,No,,,,,,,15.0,27.02.2023
30.12.2022,Juniper Green Stellar Private Limited,,30/06/2027,312100010,412100011,,,Rajasthan,NR,,65.0,,,,,,,Granted,"Fatehgarh-IV, Rajasthan",,,,,65.0,,,,,30/06/2027,No,,,,,,,15.0,27.02.2023
30.12.2022,Juniper Green Beta Private Limited,,30/06/2025,212100027,412100012,,,Rajasthan,NR,,150.0,,,,,,,Granted,"Bhadla-III, Rajasthan",,,,,150.0,,,,,30/06/2025,Yes,,,,,,,15.0,27.02.2023
30.12.2022,Juniper Green Beta Private Limited,,31/12/2026,312100013,412100013,,,Rajasthan,NR,,100.0,,,,,,,Granted,"Bhadla-III, Rajasthan",,,,,100.0,,,,,31/12/2026,No,,,,,,,15.0,27.02.2023
02.09.2022,Seven Renewable Power Private Limited,,30.06.2024,,112100011,,,Rajasthan,NR,Generator,900.0,Solar,900.0,,,,,Granted,Bhadla-III,,,,,900.0,,,,,30.06.2024,Yes,,,,,,,14.0,23.12.2022
12.09.2022,Tepsol Sun Sparkle Private Limited,,31.03.2025,,112100014,,,Rajasthan,NR,Renewable Power Park Developer,1000.0,Solar,1000.0,,,,,Granted,Bhadla-III,,,,,1000.0,,,,,31.03.2025,Yes,,,,,,,14.0,23.12.2022
13.09.2022,ReNew Dinkar Urja Private Limited,,01.10.2023,,112100013,,,Rajasthan,NR,Generator,200.0,Solar,200.0,,,,,Granted,Bikaner-II,,,,,200.0,,,,,01.10.2023,Yes,,,,,,,14.0,23.12.2022
20.09.2022,Tepsol Saur Urja Private Limited,,31.03.2025,,112100017,,,Rajasthan,NR,Renewable Power Park Developer,1000.0,Solar,1000.0,,,,,Granted,Fatehgarh -IV,,,,,1000.0,,,,,31.03.2025,Yes,,,,,,,14.0,23.12.2022
27.09.2022,Malur Renewables Pvt. Ltd.,,01.10.2022,,112100016,,,Rajasthan,NR,Renewable Power Park Developer,900.0,Solar,900.0,,,,,Granted,Bhadla-III,,,,,900.0,,,,,01.10.2022,Yes,,,,,,,14.0,23.12.2022
30.09.2022,Abu Renewables India Private Limited,,31.12.2025,,112100020,,,Rajasthan,NR,Generator,350.0,Solar,350.0,,,,,Granted,Bhadla-III,,,,,350.0,,,,,31.12.2025,Yes,,,,,,,14.0,23.12.2022
03.10.2022,Juniper Green Beta Private Limited,,31.03.2025,,112100018,,,Rajasthan,NR,Generator,400.0,Solar,400.0,,,,,Granted,Bhadla-III,,,,,400.0,,,,,31.03.2025,Yes,,,,,,,14.0,23.12.2022
29.10.2022,Frugal Energy Private Limited,,31.03.2025,,112100025,,,Rajasthan,NR,Renewable Power Park Developer,300.0,Solar,300.0,,,,,Granted,Bhadla-III,,,,,300.0,,,,,31.03.2025,Yes,,,,,,,14.0,23.12.2022
30.10.2022,Luceo Solar Private Limited,,31.12.2024,,112100026,,,Rajasthan,NR,Generator,200.0,Solar,200.0,,,,,Granted,Fatehgarh -IV,,,,,200.0,,,,,31.12.2024,Yes,,,,,,,14.0,23.12.2022
30.10.2022,Bhadla Three Skp Green Ventures Private Limited,,31.12.2024,,112100027,,,Rajasthan,NR,Renewable Power Park Developer,300.0,Solar,300.0,,,,,Granted,Bhadla-III,,,,,300.0,,,,,31.12.2024,Yes,,,,,,,14.0,23.12.2022
04.11.2022,ACME Solar Holdings Private Limited,,31.12.2024,,112100021,,,Rajasthan,NR,Generator,300.0,Solar,300.0,,,,,Granted,Bhadla-III,,,,,300.0,,,,,31.12.2024,Yes,,,,,,,14.0,23.12.2022
04.11.2022,ACME Solar Holdings Private Limited,,31.12.2024,,112100022,,,Rajasthan,NR,Generator,300.0,Solar,300.0,,,,,Granted,Bhadla-III,,,,,300.0,,,,,31.12.2024,Yes,,,,,,,14.0,23.12.2022
04.11.2022,ACME Solar Holdings Private Limited,,31.03.2025,,112100023,,,Rajasthan,NR,Generator,300.0,Solar,300.0,,,,,Granted,Fatehgarh -IV,,,,,300.0,,,,,31.03.2025,Yes,,,,,,,14.0,23.12.2022
10.11.2022,Sunsure Energy Private Limited,,31.12.2024,,112100028,,,Rajasthan,NR,Generator,300.0,Solar,300.0,,,,,Granted,Bikaner-III,,,,,300.0,,,,,31.12.2024,Yes,,,,,,,14.0,23.12.2022
03.10.2022,Juniper Green Beta Private Limited,,31.03.2025,212100027,112100018,14.0,23.12.2022,Rajasthan,NR,Generator,150.0,Solar,150.0,,,,,Granted,Bhadla-III,,,,,150.0,,,,,31.03.2025,Yes,,,,,,,,
31.10.2022,Juniper Green Beta Private Limited,,31.03.2025,312100013,112100018,14.0,23.12.2022,Rajasthan,NR,Generator,40.0,Solar,40.0,,,,,Granted,Bhadla-III,,,,,40.0,,,,,31.03.2025,Yes,,,,,,,,
06.10.2022,Juniper Green Stellar Private Limited,,31.01.2025,312100010,1200003672,14.0,23.12.2022,Rajasthan,NR,Generator,45.0,Solar,45.0,,,,,Granted,Fatehgarh -IV,,,,,45.0,,,,,31.01.2025,Yes,,,,,,,,
20.10.2022,Juniper Green Stellar Private Limited,,31.01.2025,312100012,1200003672,14.0,23.12.2022,Rajasthan,NR,Generator,60.0,Solar,60.0,,,,,Granted,Fatehgarh -IV,,,,,60.0,,,,,31.01.2025,Yes,,,,,,,,
10.10.2022,Sprng Nirjara Energy Private Limited,,31.10.2025,312100011,1200003622,14.0,23.12.2022,Rajasthan,NR,Generator,50.0,Solar,50.0,,,,,Granted,Bikaner-II,,,,,50.0,,,,,31.10.2025,Yes,,,,,,,,
17.10.2022,Seven Renewable Power Private Limited,,30.06.2024,212100028,112100011,14.0,23.12.2022,Rajasthan,NR,Generator,300.0,Solar,300.0,,,,,Granted,Bhadla-III,,,,,300.0,,,,,30.06.2024,Yes,,,,,,,,
25.10.2022,Tepsol Sun Sparkle Private Limited,,31.03.2025,212100030,112100014,14.0,23.12.2022,Rajasthan,NR,Renewable Power Park Developer,300.0,Solar,300.0,,,,,Granted,Bhadla-III,,,,,300.0,,,,,31.03.2025,Yes,,,,,,,,
29.10.2022,Frugal Energy Private Limited,,31.03.2025,212100031,112100025,14.0,23.12.2022,Rajasthan,NR,Renewable Power Park Developer,50.0,Solar,50.0,,,,,Granted,Bhadla-III,,,,,50.0,,,,,31.03.2025,Yes,,,,,,,,
07.11.2022,Luceo Solar Private Limited,,31.12.2024,212100032,112100026,14.0,23.12.2022,Rajasthan,NR,Generator,200.0,Solar,200.0,,,,,Granted,Fatehgarh -IV,,,,,200.0,,,,,31.12.2024,Yes,,,,,,,,
09.11.2022,Bhadla Three SKP Green Ventures Private Limited,,31.12.2024,212100033,112100027,14.0,23.12.2022,Rajasthan,NR,Generator,300.0,Solar,300.0,,,,,Granted,Bhadla-III,,,,,300.0,,,,,31.12.2024,Yes,,,,,,,,
27.08.2022,Cannice Renewables Energy Private Limited,,31.01.2025,212100004,112100009,14.0,23.12.2022,Rajasthan,NR,Generator,80.0,Solar,80.0,,,,,Granted,Fatehgarh -IV,,,,,80.0,,,,,31.01.2025,Yes,,,,,,,,
06.10.2022,XL Xergi Power Private Limited,,18/01/2024,1200002847,412100007,,,Rajasthan,NR,,200.0,,,,,,,Granted,"Fatehgarh-III, Rajasthan",,,,,200.0,,,,,18/01/2024,Yes,,,,,,,14.0,23.12.2022
29.10.2022,Juniper Green Cosmic Private Limited,,31/01/2025,1200003740,412100008,,,Rajasthan,NR,,100.0,,,,,,,Granted,"Bikaner-II, Rajasthan",,,,,100.0,,,,,31/01/2025,Yes,,,,,,,14.0,23.12.2022
